fixed,Covidence_ID,Name_data_entry,Article_ID,Parameter_type,Parameter value,Exponent,Parameter unit,Parameter lower bound,Parameter upper bound,Parameter value type,Parameter uncertainty - single value,Parameter uncertainty - singe type,Parameter uncertainty - lower value,Parameter uncertainty - upper value,Parameter uncertainty - type,CFR_IFR_numerator,CFR_IFR_denominator,Distribution_type,Distribution_par1_value,Distribution_par1_type,Distribution_par1_uncertainty,Distribution_par2_value,Distribution_par2_type,Distribution_par2_uncertainty,Method_from_supplement,Method_moment_value,CFR_IFR_Method,Method_R,Method_disaggregated_by,Method_disaggregated,Method_disaggregated_only,Riskfactor_outcome,Riskfactor_name,Riskfactor_occupation,Riskfactor_significant,Riskfactor_adjusted,Population_sex,Population_sample_type,Population_group,Population_age_min,Population_age_max,Population_sample_size,Population_country,Population_location,Population_study_start_day,Population_study_start_month,Population_study_start_year,Population_study_end_day,Population_study_end_month,Population_study_end_year,Genome_site,Genomic_sequence_available,Other_delay_start,Other_delay_end,Inverse_param,Parameter_FromFigure,access_param_id,Pathogen,R_pathway,num_rows,matching
TRUE,19,Christian,1,Growth rate (r),0.16,0,NA,NA,NA,NA,NA,NA,NA,NA,NA,NA,NA,NA,NA,NA,FALSE,NA,NA,FALSE,FALSE,Mid outbreak,NA,NA,NA,FALSE,FALSE,NA,NA,NA,NA,NA,NA,Population based,General population,NA,NA,NA,China,Beijing,17,Mar-03,2003,15,May-05,2003,NA,FALSE,NA,NA,FALSE,FALSE,1,SARS-CoV,NA,1,0
TRUE,19,Christian,1,Growth rate (r),0.09,0,NA,NA,NA,NA,NA,NA,NA,NA,NA,NA,NA,NA,NA,NA,FALSE,NA,NA,FALSE,FALSE,Mid outbreak,NA,NA,NA,FALSE,FALSE,NA,NA,NA,NA,NA,NA,Population based,General population,NA,NA,NA,Hong Kong SAR; China,Hong Kong,17,Mar-03,2003,15,May-05,2003,NA,FALSE,NA,NA,FALSE,FALSE,2,SARS-CoV,NA,1,0
TRUE,19,Christian,1,Growth rate (r),0.12,0,NA,NA,NA,NA,NA,NA,NA,NA,NA,NA,NA,NA,NA,NA,FALSE,NA,NA,FALSE,FALSE,Mid outbreak,NA,NA,NA,FALSE,FALSE,NA,NA,NA,NA,NA,NA,Population based,General population,NA,NA,NA,Singapore,Singapore,17,Mar-03,2003,15,May-05,2003,NA,FALSE,NA,NA,FALSE,FALSE,3,SARS-CoV,NA,1,0
TRUE,19,Christian,1,Reproduction number (Basic R0),2.7,0,No units,NA,NA,NA,NA,NA,NA,NA,NA,NA,NA,NA,NA,NA,FALSE,NA,NA,FALSE,FALSE,Mid outbreak,NA,Growth rate,NA,FALSE,FALSE,NA,NA,NA,NA,NA,NA,Population based,General population,NA,NA,NA,Singapore,Singapore,17,Mar-03,2003,15,May-05,2003,NA,FALSE,NA,NA,FALSE,FALSE,4,SARS-CoV,NA,1,0
TRUE,19,Christian,1,Reproduction number (Basic R0),2.1,0,No units,NA,NA,NA,NA,NA,NA,NA,NA,NA,NA,NA,NA,NA,FALSE,NA,NA,FALSE,FALSE,Mid outbreak,NA,Growth rate,NA,FALSE,FALSE,NA,NA,NA,NA,NA,NA,Population based,General population,NA,NA,NA,Hong Kong SAR; China,Hong Kong,17,Mar-03,2003,15,May-05,2003,NA,FALSE,NA,NA,FALSE,FALSE,5,SARS-CoV,NA,1,0
TRUE,19,Christian,1,Reproduction number (Basic R0),3.8,0,No units,NA,NA,NA,NA,NA,NA,NA,NA,NA,NA,NA,NA,NA,FALSE,NA,NA,FALSE,FALSE,Mid outbreak,NA,Growth rate,NA,FALSE,FALSE,NA,NA,NA,NA,NA,NA,Population based,General population,NA,NA,NA,China,Beijing,17,Mar-03,2003,15,May-05,2003,NA,FALSE,NA,NA,FALSE,FALSE,6,SARS-CoV,NA,1,0
TRUE,60,Christian,2,Mutations – substitution rate,NA,-3,Substitutions/site/year,0.8,2.38,NA,NA,NA,NA,NA,NA,NA,NA,NA,NA,NA,FALSE,NA,NA,FALSE,FALSE,Mid outbreak,NA,NA,NA,FALSE,FALSE,NA,NA,NA,NA,NA,Unspecified,Unspecified,Persons under investigation,NA,NA,11,Hong Kong SAR; China;Singapore,Hong Kong; Singapore; Other,14,Apr-04,2003,29,Aug-08,2003,NA,FALSE,NA,NA,FALSE,FALSE,7,SARS-CoV,NA,1,0
TRUE,60,Christian,2,Mutations – mutation rate,NA,-3,Substitutions/site/year,0.42,2.38,NA,NA,NA,NA,NA,NA,NA,NA,NA,NA,NA,FALSE,NA,NA,FALSE,FALSE,Mid outbreak,NA,NA,Method;Region,TRUE,TRUE,NA,NA,NA,NA,NA,Unspecified,Unspecified,Persons under investigation,NA,NA,16,China;Hong Kong SAR; China;Singapore,China; Hong Kong; Singapore; Other,14,Apr-04,2003,29,Aug-08,2003,NA,FALSE,NA,NA,FALSE,FALSE,8,SARS-CoV,NA,1,0
TRUE,60,Christian,2,Mutations – substitution rate,NA,-3,Substitutions/site/year,0.81,9.22,NA,NA,NA,NA,NA,NA,NA,NA,NA,NA,NA,FALSE,NA,NA,FALSE,FALSE,Mid outbreak,NA,NA,Other,TRUE,TRUE,NA,NA,NA,NA,NA,Unspecified,Unspecified,Persons under investigation,NA,NA,16,China;Hong Kong SAR; China;Singapore,China; Hong Kong; Singapore; Other,14,Apr-04,2003,29,Aug-08,2003,non-synonymous sites,FALSE,NA,NA,FALSE,FALSE,9,SARS-CoV,NA,1,0
TRUE,60,Christian,2,Mutations – substitution rate,NA,-3,Substitutions/site/year,0,8.5,NA,NA,NA,NA,NA,NA,NA,NA,NA,NA,NA,FALSE,NA,NA,FALSE,FALSE,Mid outbreak,NA,NA,Other,TRUE,TRUE,NA,NA,NA,NA,NA,Unspecified,Unspecified,Persons under investigation,NA,NA,16,China;Hong Kong SAR; China;Singapore,China; Hong Kong; Singapore; Other,14,Apr-04,2003,29,Aug-08,2003,synonymous sites,FALSE,NA,NA,FALSE,FALSE,10,SARS-CoV,NA,1,0
TRUE,180,Christian,6,Risk factors,NA,0,NA,NA,NA,NA,NA,NA,NA,NA,NA,NA,NA,NA,NA,NA,FALSE,NA,NA,FALSE,FALSE,Unspecified,NA,NA,NA,FALSE,FALSE,Infection,Close contact;Household contact;Non-household contact;Occupation,Healthcare,Unspecified,Unspecified,NA,Community based,Persons under investigation,NA,NA,1112,China,Beijing,NA,NA,2003,NA,NA,2003,NA,FALSE,NA,NA,FALSE,FALSE,35,SARS-CoV,NA,1,0
TRUE,180,Christian,6,Attack rate,NA,0,NA,6.3,28.8,NA,NA,NA,NA,NA,NA,NA,NA,NA,NA,NA,FALSE,NA,NA,FALSE,FALSE,Unspecified,NA,NA,Other,TRUE,TRUE,NA,NA,NA,NA,NA,NA,Contact based,Persons under investigation,NA,NA,669,China,Beijing,NA,NA,2003,23,May-05,2023,NA,FALSE,NA,NA,FALSE,FALSE,33,SARS-CoV,NA,1,0
TRUE,180,Christian,6,Attack rate,0,0,NA,0,0,NA,NA,NA,NA,NA,NA,NA,NA,NA,NA,NA,FALSE,NA,NA,FALSE,FALSE,Unspecified,NA,NA,Other,TRUE,TRUE,NA,NA,NA,NA,NA,NA,Contact based,Persons under investigation,NA,NA,363,China,Beijing,NA,NA,2003,23,May-05,2023,NA,FALSE,NA,NA,FALSE,FALSE,34,SARS-CoV,NA,1,0
TRUE,392,Christian,3,Severity - case fatality rate (CFR),3.8,0,Percentage (%),NA,NA,Unspecified,NA,NA,NA,NA,NA,55,1454,NA,NA,NA,FALSE,NA,NA,FALSE,FALSE,NA,Naive,NA,NA,FALSE,FALSE,NA,NA,NA,NA,NA,Both,Community based,General population,18,92,1454,China,Foshan municipality; Guangdong Province,16,Nov-11,2002,30,Apr-04,2003,NA,FALSE,NA,NA,FALSE,FALSE,11,SARS-CoV,NA,1,0
TRUE,392,Christian,3,Severity - case fatality rate (CFR),12.7,0,Percentage (%),NA,NA,Unspecified,NA,NA,NA,NA,NA,NA,NA,NA,NA,NA,FALSE,NA,NA,FALSE,FALSE,NA,Naive,NA,NA,FALSE,FALSE,NA,NA,NA,NA,NA,Both,Community based,General population,65,92,NA,China,Foshan municipality; Guangdong Province,16,Nov-11,2002,30,Apr-04,2003,NA,FALSE,NA,NA,FALSE,FALSE,12,SARS-CoV,NA,1,0
TRUE,392,Christian,3,Seroprevalence - IgG,13,0,Percentage (%),13,72.7,Unspecified,NA,NA,NA,NA,NA,NA,NA,NA,NA,NA,FALSE,NA,NA,FALSE,FALSE,NA,NA,NA,NA,FALSE,FALSE,NA,NA,NA,NA,NA,NA,Trade / business based,Animal workers,NA,NA,NA,China,Foshan municipality; Guangdong Province,16,Nov-11,2002,30,Apr-04,2003,NA,FALSE,NA,NA,FALSE,FALSE,13,SARS-CoV,NA,1,0
TRUE,392,Christian,3,Seroprevalence - IgG,1.2,0,Percentage (%),NA,NA,Unspecified,NA,NA,NA,NA,NA,NA,NA,NA,NA,NA,FALSE,NA,NA,FALSE,FALSE,NA,NA,NA,NA,FALSE,FALSE,NA,NA,NA,NA,NA,NA,Community based,General population,NA,NA,NA,China,Foshan municipality; Guangdong Province,16,Nov-11,2002,30,Apr-04,2003,NA,FALSE,NA,NA,FALSE,FALSE,14,SARS-CoV,NA,1,0
TRUE,392,Christian,3,Risk factors,NA,0,NA,NA,NA,NA,NA,NA,NA,NA,NA,NA,NA,NA,NA,NA,FALSE,NA,NA,FALSE,FALSE,NA,NA,NA,NA,FALSE,FALSE,Infection,Other,NA,Significant,Unspecified,Both,Community based,General population,0,86,662,China,Foshan municipality; Guangdong Province,16,Nov-11,2002,30,Apr-04,2003,NA,FALSE,NA,NA,FALSE,FALSE,15,SARS-CoV,NA,1,0
TRUE,430,Paula,6,Human delay - time in care (length of stay),23.1,0,Days,5,78,Mean,11.9,Other,NA,NA,NA,NA,NA,NA,NA,NA,FALSE,NA,NA,FALSE,FALSE,NA,NA,NA,NA,FALSE,FALSE,NA,NA,NA,NA,NA,Both,Hospital based,General population,20,75,78,China,Guangdong,22,Dec-12,2002,NA,Mar-03,2003,NA,FALSE,NA,NA,FALSE,FALSE,10,SARS-CoV,NA,1,0
TRUE,430,Paula,6,Human delay - incubation period,2.4,0,Days,1,5,Mean,1.5,Other,NA,NA,NA,NA,NA,NA,NA,NA,FALSE,NA,NA,FALSE,FALSE,NA,NA,NA,NA,FALSE,FALSE,NA,NA,NA,NA,NA,NA,Hospital based,General population,20,75,17,China,Guangdong,22,Dec-12,2002,NA,Mar-03,2003,NA,FALSE,NA,NA,FALSE,FALSE,4,SARS-CoV,NA,1,0
TRUE,430,Thom,1,Severity - case fatality rate (CFR),9,0,Percentage (%),NA,NA,NA,NA,NA,NA,NA,NA,7,78,NA,NA,NA,FALSE,NA,NA,FALSE,FALSE,NA,Naive,NA,NA,FALSE,FALSE,NA,NA,NA,NA,NA,Both,Hospital based,General population,20,75,78,China,Guangdong,22,Dec-12,2002,NA,Mar-03,2003,NA,FALSE,NA,NA,FALSE,FALSE,3,SARS-CoV,NA,1,0
TRUE,430,Thom,1,Risk factors,NA,0,NA,NA,NA,NA,NA,NA,NA,NA,NA,NA,NA,NA,NA,NA,FALSE,NA,NA,FALSE,FALSE,NA,NA,NA,NA,FALSE,FALSE,Severe disease,Age;Cormobidity,Unspecified,Significant,Adjusted,Both,Hospital based,General population,20,75,78,China,Guangdong,22,Dec-12,2002,NA,Mar-03,2003,NA,FALSE,NA,NA,FALSE,FALSE,4,SARS-CoV,NA,1,0
TRUE,461,Paula,7,Human delay - incubation period,5.9,0,Days,1,20,Mean,3.5,Standard deviation (Sd),NA,NA,NA,NA,NA,NA,NA,NA,FALSE,NA,NA,FALSE,FALSE,Unspecified,NA,NA,NA,FALSE,FALSE,NA,NA,NA,NA,NA,Both,Hospital based,Mixed groups,NA,NA,96,China,Guangzhou,30,Jan-01,2003,10,Mar-03,2003,NA,FALSE,NA,NA,FALSE,FALSE,11,SARS-CoV,NA,1,0
TRUE,461,Paula,7,Human delay - symptom onset>admission to care,2.9,0,Days,1,10,Mean,2,Standard deviation (Sd),NA,NA,NA,NA,NA,NA,NA,NA,FALSE,NA,NA,FALSE,FALSE,Unspecified,NA,NA,NA,FALSE,FALSE,NA,NA,NA,NA,NA,Both,Hospital based,Mixed groups,NA,NA,96,China,Guangzhou,30,Jan-01,2003,10,Mar-03,2003,NA,FALSE,NA,NA,FALSE,FALSE,12,SARS-CoV,NA,1,0
TRUE,461,Paula,7,Human delay - time in care (length of stay),17.2,0,Days,8,47,Mean,8,Standard deviation (Sd),NA,NA,NA,NA,NA,NA,NA,NA,FALSE,NA,NA,FALSE,FALSE,Unspecified,NA,NA,NA,FALSE,FALSE,NA,NA,NA,NA,NA,Both,Hospital based,Mixed groups,NA,NA,96,China,Guangzhou,30,Jan-01,2003,10,Mar-03,2003,NA,FALSE,NA,NA,FALSE,FALSE,13,SARS-CoV,NA,1,0
TRUE,461,Thom,3,Severity - case fatality rate (CFR),1,0,Percentage (%),NA,NA,NA,NA,NA,NA,NA,NA,1,96,NA,NA,NA,FALSE,NA,NA,FALSE,FALSE,Unspecified,Naive,NA,NA,FALSE,FALSE,NA,NA,NA,NA,NA,Both,Hospital based,Mixed groups,NA,NA,96,China,Guangzhou,30,Jan-01,2003,10,Mar-03,2003,NA,FALSE,NA,NA,FALSE,FALSE,8,SARS-CoV,NA,1,0
TRUE,487,Thom,4,Risk factors,NA,0,NA,NA,NA,NA,NA,NA,NA,NA,NA,NA,NA,NA,NA,NA,FALSE,NA,NA,FALSE,FALSE,Unspecified,NA,NA,NA,FALSE,FALSE,Probable case,Contact with animal;Other,Unspecified,Not significant,Not adjusted,Both,Population based,General population,14,84,375,China,Beijing,28,Apr-04,2003,4,Jul-07,2003,NA,FALSE,NA,NA,FALSE,FALSE,9,SARS-CoV,NA,1,0
TRUE,487,Thom,4,Risk factors,NA,0,NA,NA,NA,NA,NA,NA,NA,NA,NA,NA,NA,NA,NA,NA,FALSE,NA,NA,FALSE,FALSE,Unspecified,NA,NA,NA,FALSE,FALSE,Probable case,Cormobidity;Other,Unspecified,Significant,Not adjusted,Both,Population based,General population,14,84,375,China,Beijing,28,Apr-04,2003,4,Jul-07,2003,NA,FALSE,NA,NA,FALSE,FALSE,10,SARS-CoV,NA,1,0
TRUE,487,Thom,4,Risk factors,NA,0,NA,NA,NA,NA,NA,NA,NA,NA,NA,NA,NA,NA,NA,NA,FALSE,NA,NA,FALSE,FALSE,Unspecified,NA,NA,NA,FALSE,FALSE,Probable case,Contact with animal;Cormobidity;Other,Unspecified,Significant,Adjusted,Both,Population based,General population,14,84,375,China,Beijing,28,Apr-04,2003,4,Jul-07,2003,NA,FALSE,NA,NA,FALSE,FALSE,11,SARS-CoV,NA,1,0
TRUE,487,Thom,4,Risk factors,NA,0,NA,NA,NA,NA,NA,NA,NA,NA,NA,NA,NA,NA,NA,NA,FALSE,NA,NA,FALSE,FALSE,Unspecified,NA,NA,NA,FALSE,FALSE,Probable case,Other,Unspecified,Not significant,Adjusted,Both,Population based,General population,14,84,375,China,Beijing,28,Apr-04,2003,4,Jul-07,2003,NA,FALSE,NA,NA,FALSE,FALSE,12,SARS-CoV,NA,1,0
TRUE,487,Thom,4,Seroprevalence - IgG,26,0,Percentage (%),NA,NA,NA,NA,NA,NA,NA,NA,8,31,NA,NA,NA,FALSE,NA,NA,FALSE,FALSE,Unspecified,Naive,NA,NA,FALSE,FALSE,NA,NA,NA,NA,NA,Both,Population based,General population,14,84,31,China,Beijing,28,Apr-04,2003,28,Aug-08,2003,NA,FALSE,NA,NA,FALSE,FALSE,13,SARS-CoV,NA,1,0
TRUE,513,Kanchan,5,Seroprevalence - IFA,0,0,Percentage (%),NA,NA,NA,NA,NA,0,0.6,CI95%,0,29,NA,NA,NA,FALSE,NA,NA,FALSE,FALSE,NA,NA,NA,NA,FALSE,FALSE,NA,NA,NA,NA,NA,Unspecified,NA,Healthcare workers,NA,NA,29,Hong Kong SAR; China,NA,22,May-05,2003,31,May-05,2003,NA,FALSE,NA,NA,FALSE,FALSE,20,SARS-CoV,NA,1,0
TRUE,513,Kanchan,5,Seroprevalence - IgG,5.1,0,Percentage (%),NA,NA,NA,NA,NA,NA,NA,NA,29,574,NA,NA,NA,FALSE,NA,NA,FALSE,FALSE,NA,NA,NA,NA,FALSE,FALSE,NA,NA,NA,NA,NA,Both,NA,Healthcare workers,25,79,574,Hong Kong SAR; China,NA,22,May-05,2003,31,May-05,2003,NA,FALSE,NA,NA,FALSE,FALSE,19,SARS-CoV,NA,1,0
TRUE,522,Kanchan,7,Risk factors,NA,0,NA,NA,NA,NA,NA,NA,NA,NA,NA,NA,NA,NA,NA,NA,FALSE,NA,NA,FALSE,FALSE,Unspecified,NA,NA,NA,FALSE,FALSE,Superspreading,Close contact;Other,Unspecified,Significant,Not adjusted,Both,Hospital based,General population,NA,NA,124,China;Hong Kong SAR; China,Guangzhou; Hong-Kong,NA,Sep-09,2004,NA,Nov-11,2005,NA,FALSE,NA,NA,FALSE,FALSE,27,SARS-CoV,NA,1,0
TRUE,522,Kanchan,7,Risk factors,NA,0,NA,NA,NA,NA,NA,NA,NA,NA,NA,NA,NA,NA,NA,NA,FALSE,NA,NA,FALSE,FALSE,Unspecified,NA,NA,NA,FALSE,FALSE,Superspreading,Cormobidity;Other,Unspecified,Not significant,Not adjusted,Both,Hospital based,General population,NA,NA,124,China;Hong Kong SAR; China,Guangzhou; Hong-Kong,NA,Sep-09,2004,NA,Nov-11,2005,NA,FALSE,NA,NA,FALSE,FALSE,28,SARS-CoV,NA,1,0
TRUE,522,Kanchan,7,Risk factors,NA,0,NA,NA,NA,NA,NA,NA,NA,NA,NA,NA,NA,NA,NA,NA,FALSE,NA,NA,FALSE,FALSE,Unspecified,NA,NA,Region,TRUE,FALSE,Superspreading,Close contact;Other,Unspecified,Significant,Adjusted,Both,Hospital based,General population,NA,NA,124,China;Hong Kong SAR; China,Guangzhou; Hong-Kong,NA,Sep-09,2004,NA,Nov-11,2005,NA,FALSE,NA,NA,FALSE,FALSE,29,SARS-CoV,NA,1,0
TRUE,522,Thom Rawson,6,Risk factors,NA,0,NA,NA,NA,NA,NA,NA,NA,NA,NA,NA,NA,NA,NA,NA,FALSE,NA,NA,FALSE,FALSE,Unspecified,NA,NA,Region,TRUE,FALSE,Superspreading,Other,Unspecified,Not significant,Adjusted,Both,Hospital based,General population,NA,NA,124,China;Hong Kong SAR; China,Guangzhou; Hong-Kong,NA,Sep-09,2004,NA,Nov-11,2005,NA,FALSE,NA,NA,FALSE,FALSE,19,SARS-CoV,NA,1,0
TRUE,523,Kanchan,8,Risk factors,NA,0,NA,NA,NA,NA,NA,NA,NA,NA,NA,NA,NA,NA,NA,NA,FALSE,NA,NA,FALSE,FALSE,Unspecified,NA,NA,NA,FALSE,FALSE,Infection,Other,NA,Significant,Adjusted,Male,Hospital based,Persons under investigation,19,90,74,Hong Kong SAR; China,Prince of Wales Hospital,4,Mar-03,2003,NA,Mar-03,2003,NA,FALSE,NA,NA,FALSE,FALSE,34,SARS-CoV,NA,1,0
TRUE,523,Kelly M,1,Attack rate,40.5,0,Percentage (%),18.2,65,Unspecified,NA,NA,NA,NA,NA,NA,NA,NA,NA,NA,FALSE,NA,NA,FALSE,FALSE,Unspecified,NA,NA,Other;Time,TRUE,FALSE,NA,NA,NA,NA,NA,Male,Hospital based,Persons under investigation,19,90,74,Hong Kong SAR; China,Prince of Wales Hospital,4,Mar-03,2003,NA,Mar-03,2003,NA,FALSE,NA,NA,FALSE,FALSE,1,SARS-CoV,NA,1,0
TRUE,523,Kelly M,1,Risk factors,NA,0,NA,NA,NA,NA,NA,NA,NA,NA,NA,NA,NA,NA,NA,NA,FALSE,NA,NA,FALSE,FALSE,Unspecified,NA,NA,NA,FALSE,FALSE,Infection,Age;Cormobidity;Other,NA,Not significant,Adjusted,Male,Hospital based,Persons under investigation,19,90,74,Hong Kong SAR; China,Prince of Wales Hospital,4,Mar-03,2003,NA,Mar-03,2003,NA,FALSE,NA,NA,FALSE,FALSE,3,SARS-CoV,NA,1,0
TRUE,526,Kanchan,9,Risk factors,NA,0,NA,NA,NA,NA,NA,NA,NA,NA,NA,NA,NA,NA,NA,NA,FALSE,NA,NA,FALSE,FALSE,Unspecified,NA,NA,NA,FALSE,FALSE,Infection,Other,NA,Significant,Adjusted,NA,Community based,Persons under investigation,NA,NA,187,Hong Kong SAR; China,Amoy Gardens,21,Mar-03,2003,1,Apr-04,2003,NA,FALSE,NA,NA,FALSE,FALSE,36,SARS-CoV,NA,1,0
TRUE,526,Kanchan,9,Risk factors,NA,0,NA,NA,NA,NA,NA,NA,NA,NA,NA,NA,NA,NA,NA,NA,FALSE,NA,NA,FALSE,FALSE,Unspecified,NA,NA,NA,FALSE,FALSE,Infection,Other,NA,Not significant,Adjusted,NA,Community based,Persons under investigation,NA,NA,187,Hong Kong SAR; China,Amoy Gardens,21,Mar-03,2003,1,Apr-04,2003,NA,FALSE,NA,NA,FALSE,FALSE,37,SARS-CoV,NA,1,0
TRUE,558,Kelly M,6,Severity - case fatality rate (CFR),12.5,0,Percentage (%),NA,NA,Unspecified,NA,NA,NA,NA,NA,1,8,NA,NA,NA,FALSE,NA,NA,FALSE,FALSE,Unspecified,Naive,NA,NA,FALSE,FALSE,NA,NA,NA,NA,NA,NA,NA,NA,NA,NA,8,Taiwan; China,NA,1,May-05,2003,20,Jun-06,2003,NA,FALSE,NA,NA,FALSE,FALSE,10,SARS-CoV,NA,1,0
TRUE,558,Kelly M,6,Severity - case fatality rate (CFR),5,0,Percentage (%),NA,NA,Unspecified,NA,NA,NA,NA,NA,1,20,NA,NA,NA,FALSE,NA,NA,FALSE,FALSE,Unspecified,Naive,NA,NA,FALSE,FALSE,NA,NA,NA,NA,NA,NA,NA,NA,NA,NA,20,China,NA,27,Mar-03,2003,4,Jul-07,2003,NA,FALSE,NA,NA,FALSE,FALSE,11,SARS-CoV,NA,1,0
TRUE,558,Kelly M,6,Severity - case fatality rate (CFR),12.5,0,Percentage (%),NA,NA,Unspecified,NA,NA,NA,NA,NA,1,8,NA,NA,NA,FALSE,NA,NA,FALSE,FALSE,Unspecified,Naive,NA,NA,FALSE,FALSE,NA,NA,NA,NA,NA,NA,NA,NA,NA,NA,8,Canada,NA,17,Mar-03,2003,4,Jul-07,2003,NA,FALSE,NA,NA,FALSE,FALSE,9,SARS-CoV,NA,1,0
TRUE,572,Bethan Cracknell Daniels,3,Severity - case fatality rate (CFR),17,0,Percentage (%),15,25,Unspecified,NA,NA,NA,NA,NA,299,1755,NA,NA,NA,FALSE,NA,NA,FALSE,FALSE,Unspecified,Unspecified,NA,Time,TRUE,FALSE,NA,NA,NA,NA,NA,Unspecified,Hospital based,Persons under investigation,NA,NA,1755,Hong Kong SAR; China,Hong Kong,12,Mar-03,2003,31,Jul-07,2003,NA,FALSE,NA,NA,FALSE,FALSE,7,SARS-CoV,NA,1,0
TRUE,572,Bethan Cracknell Daniels,3,Severity - case fatality rate (CFR),8,0,Percentage (%),NA,NA,Unspecified,NA,NA,NA,NA,NA,191,2521,NA,NA,NA,FALSE,NA,NA,FALSE,FALSE,Unspecified,Unspecified,NA,Time,TRUE,FALSE,NA,NA,NA,NA,NA,Unspecified,Unspecified,Persons under investigation,NA,NA,2521,China,Beijing,21,Apr-04,2003,2,Jul-07,2003,NA,FALSE,NA,NA,FALSE,FALSE,8,SARS-CoV,NA,1,0
TRUE,613,Kelly M,4,Mutations – mutation rate,NA,0,Mutations/genome/generation (U),0.11,0.07,Unspecified,NA,NA,NA,NA,NA,NA,NA,NA,NA,NA,FALSE,NA,NA,FALSE,FALSE,NA,NA,NA,NA,FALSE,FALSE,NA,NA,NA,NA,NA,Unspecified,Mixed settings,Persons under investigation,NA,NA,10,Taiwan; China,Taiwan,NA,Mar-03,2003,NA,Jun-06,2003,whole genome,TRUE,NA,NA,FALSE,FALSE,8,SARS-CoV,NA,1,0
TRUE,641,Bethan Cracknell Daniels,4,Seroprevalence - IgG,92.7,0,Percentage (%),NA,NA,NA,NA,NA,NA,NA,NA,38,41,NA,NA,NA,FALSE,NA,NA,FALSE,FALSE,Unspecified,NA,NA,NA,FALSE,FALSE,NA,NA,NA,NA,NA,Both,Hospital based,Persons under investigation,24,87,41,Taiwan; China,NTUH; Northern Taiwan,8,Mar-03,2003,15,Jun-06,2003,NA,FALSE,NA,NA,FALSE,FALSE,15,SARS-CoV,NA,1,0
TRUE,641,Bethan Cracknell Daniels,4,Human delay - symptom onset>admission to care,3,0,Days,NA,NA,Median,NA,NA,1,12,Range,NA,NA,NA,NA,NA,FALSE,NA,NA,FALSE,FALSE,Unspecified,NA,NA,NA,FALSE,FALSE,NA,NA,NA,NA,NA,Both,Hospital based,Persons under investigation,24,87,76,Taiwan; China,`,8,Mar-03,2003,15,Jun-06,2003,NA,FALSE,NA,NA,FALSE,FALSE,16,SARS-CoV,NA,1,0
TRUE,641,Bethan Cracknell Daniels,4,Severity - case fatality rate (CFR),78.6,0,Percentage (%),NA,NA,Unspecified,NA,NA,NA,NA,NA,11,14,NA,NA,NA,FALSE,NA,NA,FALSE,FALSE,Unspecified,Unspecified,NA,NA,FALSE,FALSE,NA,NA,NA,NA,NA,Both,Hospital based,Other,24,87,14,Taiwan; China,NTUH; Northern Taiwan,8,Mar-03,2003,15,Jun-06,2003,NA,FALSE,NA,NA,FALSE,FALSE,19,SARS-CoV,NA,1,0
TRUE,641,Bethan Cracknell Daniels,4,Severity - case fatality rate (CFR),6.5,0,Percentage (%),NA,NA,Unspecified,NA,NA,NA,NA,NA,4,62,NA,NA,NA,FALSE,NA,NA,FALSE,FALSE,Unspecified,Unspecified,NA,NA,FALSE,FALSE,NA,NA,NA,NA,NA,Both,Hospital based,Other,24,87,62,Taiwan; China,NTUH; Northern Taiwan,8,Mar-03,2003,15,Jun-06,2003,NA,FALSE,NA,NA,FALSE,FALSE,20,SARS-CoV,NA,1,0
TRUE,641,Bethan Cracknell Daniels,4,Human delay - symptom onset>death,12,0,Days,NA,NA,Median,NA,NA,4,42,Range,NA,NA,NA,NA,NA,FALSE,NA,NA,FALSE,FALSE,Unspecified,NA,NA,NA,FALSE,FALSE,NA,NA,NA,NA,NA,Both,Hospital based,Persons under investigation,24,87,15,Taiwan; China,NTUH; Northern Taiwan,8,Mar-03,2003,15,Jun-06,2003,NA,FALSE,NA,NA,FALSE,FALSE,21,SARS-CoV,NA,1,0
TRUE,641,Bethan Cracknell Daniels,4,Risk factors,NA,0,NA,NA,NA,NA,NA,NA,NA,NA,NA,NA,NA,NA,NA,NA,FALSE,NA,NA,FALSE,FALSE,Unspecified,NA,NA,NA,FALSE,FALSE,Other,Age;Cormobidity;Other;Sex,NA,Significant,Not adjusted,Both,Hospital based,Persons under investigation,24,87,76,Taiwan; China,NTUH; Northern Taiwan,8,Mar-03,2003,15,Jun-06,2003,NA,FALSE,NA,NA,FALSE,FALSE,23,SARS-CoV,NA,1,0
TRUE,641,Bethan Cracknell Daniels,4,Risk factors,NA,0,NA,NA,NA,NA,NA,NA,NA,NA,NA,NA,NA,NA,NA,NA,FALSE,NA,NA,FALSE,FALSE,Unspecified,NA,NA,NA,FALSE,FALSE,Other,Other,NA,Not significant,Not adjusted,Both,Hospital based,Persons under investigation,24,87,76,Taiwan; China,NTUH; Northern Taiwan,8,Mar-03,2003,15,Jun-06,2003,NA,FALSE,NA,NA,FALSE,FALSE,25,SARS-CoV,NA,1,0
TRUE,641,Bethan Cracknell Daniels,4,Risk factors,NA,0,NA,NA,NA,NA,NA,NA,NA,NA,NA,NA,NA,NA,NA,NA,FALSE,NA,NA,FALSE,FALSE,Unspecified,NA,NA,NA,FALSE,FALSE,Other,Age;Other,NA,Significant,Adjusted,Both,Hospital based,Persons under investigation,24,87,76,Taiwan; China,NTUH; Northern Taiwan,8,Mar-03,2003,15,Jun-06,2003,NA,FALSE,NA,NA,FALSE,FALSE,27,SARS-CoV,NA,1,0
TRUE,641,Bethan Cracknell Daniels,4,Risk factors,NA,0,NA,NA,NA,NA,NA,NA,NA,NA,NA,NA,NA,NA,NA,NA,FALSE,NA,NA,FALSE,FALSE,Unspecified,NA,NA,NA,FALSE,FALSE,Other,Cormobidity;Other;Sex,NA,Not significant,Adjusted,Both,Hospital based,Persons under investigation,24,87,76,Taiwan; China,NTUH; Northern Taiwan,8,Mar-03,2003,15,Jun-06,2003,NA,FALSE,NA,NA,FALSE,FALSE,26,SARS-CoV,NA,1,0
TRUE,641,Bethan Cracknell Daniels,4,Human delay - other human delay (go to section),10.3,0,Days,NA,NA,Unspecified,5.1,NA,NA,NA,NA,NA,NA,NA,NA,NA,FALSE,NA,NA,FALSE,FALSE,Unspecified,NA,NA,NA,FALSE,FALSE,NA,NA,NA,NA,NA,NA,Hospital based,Persons under investigation,NA,NA,62,Taiwan; China,NTUH; Northern Taiwan,8,Mar-03,2003,15,Jun-06,2003,NA,FALSE,Symptom Onset/Fever,Symptom Resolution,FALSE,FALSE,28,SARS-CoV,NA,1,0
TRUE,641,Patrick,1,Risk factors,NA,0,NA,NA,NA,NA,NA,NA,NA,NA,NA,NA,NA,NA,NA,NA,FALSE,NA,NA,FALSE,FALSE,Unspecified,NA,NA,NA,FALSE,FALSE,Death,Age;Cormobidity;Other,NA,Significant,Not adjusted,Both,Hospital based,Persons under investigation,24,87,76,Taiwan; China,NTUH; Northern Taiwan,8,Mar-03,2003,15,Jun-06,2003,NA,FALSE,NA,NA,FALSE,FALSE,5,SARS-CoV,NA,1,0
TRUE,641,Patrick,1,Risk factors,NA,0,NA,NA,NA,NA,NA,NA,NA,NA,NA,NA,NA,NA,NA,NA,FALSE,NA,NA,FALSE,FALSE,Unspecified,NA,NA,NA,FALSE,FALSE,Death,Other;Sex,NA,Not significant,Not adjusted,Both,Hospital based,Persons under investigation,24,87,76,Taiwan; China,NTUH; Northern Taiwan,8,Mar-03,2003,15,Jun-06,2003,NA,FALSE,NA,NA,FALSE,FALSE,6,SARS-CoV,NA,1,0
TRUE,641,Patrick,1,Risk factors,NA,0,NA,NA,NA,NA,NA,NA,NA,NA,NA,NA,NA,NA,NA,NA,FALSE,NA,NA,FALSE,FALSE,Unspecified,NA,NA,NA,FALSE,FALSE,Death,Cormobidity;Other,NA,Significant,Adjusted,Both,Hospital based,Persons under investigation,24,87,76,Taiwan; China,NTUH; Northern Taiwan,8,Mar-03,2003,15,Jun-06,2003,NA,FALSE,NA,NA,FALSE,FALSE,7,SARS-CoV,NA,1,0
TRUE,641,Patrick,1,Risk factors,NA,0,NA,NA,NA,NA,NA,NA,NA,NA,NA,NA,NA,NA,NA,NA,FALSE,NA,NA,FALSE,FALSE,Unspecified,NA,NA,NA,FALSE,FALSE,Death,Age;Other;Sex,NA,Not significant,Adjusted,Both,Hospital based,Persons under investigation,24,87,76,Taiwan; China,NTUH; Northern Taiwan,8,Mar-03,2003,15,Jun-06,2003,NA,FALSE,NA,NA,FALSE,FALSE,8,SARS-CoV,NA,1,0
TRUE,655,Bethan Cracknell Daniels,8,Human delay - latent period,5,0,Days,NA,NA,Mean,NA,NA,NA,NA,NA,NA,NA,NA,NA,NA,FALSE,NA,NA,FALSE,FALSE,Unspecified,NA,NA,NA,FALSE,FALSE,NA,NA,NA,NA,NA,Unspecified,Population based,Persons under investigation,NA,NA,NA,China,Beijing,19,Apr-04,2003,21,Jun-06,2003,NA,FALSE,NA,NA,FALSE,FALSE,31,SARS-CoV,NA,1,0
TRUE,655,Bethan Cracknell Daniels,8,Reproduction number (Basic R0),2.37,0,No units,NA,NA,Unspecified,NA,NA,NA,NA,NA,NA,NA,NA,NA,NA,FALSE,NA,NA,FALSE,FALSE,Unspecified,NA,Compartmental model,NA,FALSE,FALSE,NA,NA,NA,NA,NA,Unspecified,Population based,Persons under investigation,NA,NA,NA,China,Beijing,19,Apr-04,2003,21,Jun-06,2003,NA,FALSE,NA,NA,FALSE,FALSE,32,SARS-CoV,Human-human,1,0
TRUE,655,Bethan Cracknell Daniels,8,Reproduction number (Effective; Re),0.1,0,No units,NA,NA,Unspecified,NA,NA,NA,NA,NA,NA,NA,NA,NA,NA,FALSE,NA,NA,FALSE,FALSE,End outbreak,NA,Compartmental model,NA,FALSE,FALSE,NA,NA,NA,NA,NA,Unspecified,Population based,Persons under investigation,NA,NA,NA,China,Beijing,19,Apr-04,2003,21,Jun-06,2003,NA,FALSE,NA,NA,FALSE,FALSE,33,SARS-CoV,Human-human,1,0
TRUE,655,Bethan Cracknell Daniels,8,Human delay - infectious period,4,0,Days,NA,NA,Mean,NA,NA,NA,NA,NA,NA,NA,NA,NA,NA,FALSE,NA,NA,FALSE,FALSE,Unspecified,NA,NA,NA,FALSE,FALSE,NA,NA,NA,NA,NA,Unspecified,Population based,Persons under investigation,NA,NA,NA,China,Beijing,19,Apr-04,2003,21,Jun-06,2003,NA,FALSE,NA,NA,FALSE,FALSE,34,SARS-CoV,NA,1,0
TRUE,672,Dominic Dee,1,Seroprevalence - IgG,0.41,0,Percentage (%),NA,NA,Unspecified,NA,NA,NA,NA,NA,9,2197,NA,NA,NA,FALSE,NA,NA,FALSE,FALSE,End outbreak,NA,NA,Occupation;Sex,TRUE,FALSE,NA,NA,NA,NA,NA,Both,Hospital based,Healthcare workers,NA,NA,2197,Taiwan; China,NA,1,Jul-07,2003,NA,NA,NA,NA,FALSE,NA,NA,FALSE,FALSE,1,SARS-CoV,NA,1,0
TRUE,672,Dominic Dee,1,Risk factors,NA,0,NA,NA,NA,NA,NA,NA,NA,NA,NA,NA,NA,NA,NA,NA,FALSE,NA,NA,FALSE,FALSE,End outbreak,NA,NA,NA,FALSE,FALSE,Serology,Occupation,Healthcare,Significant,Not adjusted,Both,Hospital based,Healthcare workers,NA,NA,2197,Taiwan; China,NA,1,Jul-07,2003,NA,NA,NA,NA,FALSE,NA,NA,FALSE,FALSE,2,SARS-CoV,NA,1,0
TRUE,672,Dominic Dee,1,Risk factors,NA,0,NA,NA,NA,NA,NA,NA,NA,NA,NA,NA,NA,NA,NA,NA,FALSE,NA,NA,FALSE,FALSE,End outbreak,NA,NA,NA,FALSE,FALSE,Serology,Occupation;Sex,Healthcare,Not significant,Not adjusted,Both,Hospital based,Healthcare workers,NA,NA,2197,Taiwan; China,NA,1,Jul-07,2003,NA,NA,NA,NA,FALSE,NA,NA,FALSE,FALSE,3,SARS-CoV,NA,1,0
TRUE,672,Patrick,4,Seroprevalence - IgG,1.02,0,NA,NA,NA,NA,NA,NA,NA,NA,NA,9,882,NA,NA,NA,FALSE,NA,NA,FALSE,FALSE,End outbreak,NA,NA,Occupation;Sex,TRUE,FALSE,NA,NA,NA,NA,NA,Both,Contact based,Healthcare workers,NA,NA,882,Taiwan; China,NA,1,Jul-07,2003,NA,NA,NA,NA,FALSE,NA,NA,FALSE,FALSE,17,SARS-CoV,NA,1,0
TRUE,672,Patrick,4,Risk factors,NA,0,NA,NA,NA,NA,NA,NA,NA,NA,NA,NA,NA,NA,NA,NA,FALSE,NA,NA,FALSE,FALSE,End outbreak,NA,NA,NA,FALSE,FALSE,Serology,Occupation,Healthcare,Significant,Not adjusted,Both,Contact based,Healthcare workers,NA,NA,882,Taiwan; China,NA,1,Jul-07,2003,NA,NA,NA,NA,FALSE,NA,NA,FALSE,FALSE,18,SARS-CoV,NA,1,0
TRUE,672,Patrick,4,Risk factors,NA,0,NA,NA,NA,NA,NA,NA,NA,NA,NA,NA,NA,NA,NA,NA,FALSE,NA,NA,FALSE,FALSE,End outbreak,NA,NA,NA,FALSE,FALSE,Serology,Occupation;Sex,Healthcare,Not significant,Not adjusted,Both,Contact based,Healthcare workers,NA,NA,882,Taiwan; China,NA,1,Jul-07,2003,NA,NA,NA,NA,FALSE,NA,NA,FALSE,FALSE,19,SARS-CoV,NA,1,0
TRUE,706,Dominic Dee,3,Reproduction number (Effective; Re),3.6,0,No units,NA,NA,Mean,NA,NA,3.1,4.2,CI95%,NA,NA,NA,NA,NA,FALSE,NA,NA,FALSE,FALSE,Start outbreak,NA,Renewal equations / Branching process,NA,FALSE,FALSE,NA,NA,NA,NA,NA,Unspecified,Population based,General population,NA,NA,NA,Hong Kong SAR,NA,NA,Feb-02,2003,11,Mar-03,2003,NA,FALSE,NA,NA,FALSE,FALSE,5,SARS-CoV,Human-human,1,0
TRUE,706,Dominic Dee,3,Reproduction number (Effective; Re),2.4,0,No units,NA,NA,Mean,NA,NA,1.8,3.1,CI95%,NA,NA,NA,NA,NA,FALSE,NA,NA,FALSE,FALSE,Start outbreak,NA,Renewal equations / Branching process,NA,FALSE,FALSE,NA,NA,NA,NA,NA,Unspecified,Population based,General population,NA,NA,NA,Vietnam,NA,NA,Feb-02,2003,11,Mar-03,2003,NA,FALSE,NA,NA,FALSE,FALSE,5,SARS-CoV,Human-human,1,0
TRUE,706,Dominic Dee,3,Reproduction number (Effective; Re),3.1,0,No units,NA,NA,Mean,NA,NA,2.3,4,CI95%,NA,NA,NA,NA,NA,FALSE,NA,NA,FALSE,FALSE,Start outbreak,NA,Renewal equations / Branching process,NA,FALSE,FALSE,NA,NA,NA,NA,NA,Unspecified,Population based,General population,NA,NA,NA,Singapore,NA,NA,Feb-02,2003,11,Mar-03,2003,NA,FALSE,NA,NA,FALSE,FALSE,5,SARS-CoV,Human-human,1,0
TRUE,706,Dominic Dee,3,Reproduction number (Effective; Re),2.7,0,No units,NA,NA,Mean,NA,NA,1.8,3.6,CI95%,NA,NA,NA,NA,NA,FALSE,NA,NA,FALSE,FALSE,Start outbreak,NA,Renewal equations / Branching process,NA,FALSE,FALSE,NA,NA,NA,NA,NA,Unspecified,Population based,General population,NA,NA,NA,Canada,NA,NA,Feb-02,2003,11,Mar-03,2003,NA,FALSE,NA,NA,FALSE,FALSE,5,SARS-CoV,Human-human,1,0
TRUE,706,Dominic Dee,3,Reproduction number (Effective; Re),0.7,0,No units,NA,NA,Mean,NA,NA,0.7,0.8,CI95%,NA,NA,NA,NA,NA,FALSE,NA,NA,FALSE,FALSE,Mid outbreak,NA,Renewal equations / Branching process,NA,FALSE,FALSE,NA,NA,NA,NA,NA,Unspecified,Population based,General population,NA,NA,NA,Hong Kong SAR,NA,12,Mar-03,2003,NA,Jul-07,2003,NA,FALSE,NA,NA,FALSE,FALSE,6,SARS-CoV,Human-human,1,0
TRUE,706,Dominic Dee,3,Reproduction number (Effective; Re),0.3,0,No units,NA,NA,Mean,NA,NA,0.1,0.7,CI95%,NA,NA,NA,NA,NA,FALSE,NA,NA,FALSE,FALSE,Mid outbreak,NA,Renewal equations / Branching process,NA,FALSE,FALSE,NA,NA,NA,NA,NA,Unspecified,Population based,General population,NA,NA,NA,Vietnam,NA,12,Mar-03,2003,NA,Jul-07,2003,NA,FALSE,NA,NA,FALSE,FALSE,5,SARS-CoV,Human-human,1,0
TRUE,706,Dominic Dee,3,Reproduction number (Effective; Re),0.7,0,No units,NA,NA,Mean,NA,NA,0.6,0.9,CI95%,NA,NA,NA,NA,NA,FALSE,NA,NA,FALSE,FALSE,Mid outbreak,NA,Renewal equations / Branching process,NA,FALSE,FALSE,NA,NA,NA,NA,NA,Unspecified,Population based,General population,NA,NA,NA,Singapore,NA,12,Mar-03,2003,NA,Jul-07,2003,NA,FALSE,NA,NA,FALSE,FALSE,5,SARS-CoV,Human-human,1,0
TRUE,706,Dominic Dee,3,Reproduction number (Effective; Re),1,0,No units,NA,NA,Mean,NA,NA,0.9,1.2,CI95%,NA,NA,NA,NA,NA,FALSE,NA,NA,FALSE,FALSE,Mid outbreak,NA,Renewal equations / Branching process,NA,FALSE,FALSE,NA,NA,NA,NA,NA,Unspecified,Population based,General population,NA,NA,NA,Canada,NA,12,Mar-03,2003,NA,Jul-07,2003,NA,FALSE,NA,NA,FALSE,FALSE,5,SARS-CoV,Human-human,1,0
TRUE,718,Dominic Dee,4,Severity - case fatality rate (CFR),9.7,0,Percentage (%),NA,NA,NA,NA,NA,NA,NA,NA,6,62,NA,NA,NA,FALSE,NA,NA,FALSE,FALSE,Mid outbreak,Naive,NA,NA,FALSE,FALSE,NA,NA,NA,NA,NA,Both,Hospital based,Persons under investigation,20,76,62,Vietnam,Hanoi,26,Feb-02,2003,NA,May-05,2003,NA,FALSE,NA,NA,FALSE,FALSE,7,SARS-CoV,NA,1,0
TRUE,718,Dominic Dee,4,Human delay - time in care (length of stay),24.5,0,Days,NA,NA,Mean,7.4,Standard deviation (Sd),NA,NA,NA,NA,NA,NA,NA,NA,FALSE,NA,NA,FALSE,FALSE,Mid outbreak,NA,NA,NA,FALSE,FALSE,NA,NA,NA,NA,NA,Both,Hospital based,Persons under investigation,20,76,62,Vietnam,Hanoi,26,Feb-02,2003,NA,May-05,2003,NA,FALSE,NA,NA,FALSE,FALSE,8,SARS-CoV,NA,1,0
TRUE,718,Tristan Naidoo,1,Human delay - other human delay (go to section),10.5,0,Days,NA,NA,Mean,NA,NA,NA,NA,NA,NA,NA,NA,NA,NA,FALSE,NA,NA,FALSE,FALSE,Mid outbreak,NA,NA,NA,FALSE,FALSE,NA,NA,NA,NA,NA,Both,Hospital based,Persons under investigation,20,76,62,Vietnam,Hanoi,26,Feb-02,2003,NA,May-05,2003,NA,FALSE,Symptom Onset/Fever,Other: Intubation,FALSE,TRUE,6,SARS-CoV,NA,1,0
TRUE,718,Tristan Naidoo,1,Human delay - other human delay (go to section),12.7,0,Days,NA,NA,Mean,NA,NA,NA,NA,NA,NA,NA,NA,NA,NA,FALSE,NA,NA,FALSE,FALSE,Mid outbreak,NA,NA,NA,FALSE,FALSE,NA,NA,NA,NA,NA,Both,Hospital based,Persons under investigation,20,76,62,Vietnam,Hanoi,26,Feb-02,2003,NA,May-05,2003,NA,FALSE,Symptom Onset/Fever,Symptom Resolution,FALSE,TRUE,7,SARS-CoV,NA,1,0
TRUE,718,Tristan Naidoo,1,Human delay - symptom onset>death,18.8,0,Days,NA,NA,Mean,NA,NA,NA,NA,NA,NA,NA,NA,NA,NA,FALSE,NA,NA,FALSE,FALSE,Mid outbreak,NA,NA,NA,FALSE,FALSE,NA,NA,NA,NA,NA,Both,Hospital based,Persons under investigation,20,76,62,Vietnam,Hanoi,26,Feb-02,2003,NA,May-05,2003,NA,FALSE,NA,NA,FALSE,TRUE,3,SARS-CoV,NA,1,0
TRUE,718,Tristan Naidoo,1,Human delay - symptom onset>admission to care,4.3,0,Days,NA,NA,Mean,NA,NA,NA,NA,NA,NA,NA,NA,NA,NA,FALSE,NA,NA,FALSE,FALSE,Mid outbreak,NA,NA,NA,FALSE,FALSE,NA,NA,NA,NA,NA,Both,Hospital based,Persons under investigation,20,76,62,Vietnam,Hanoi,26,Feb-02,2003,NA,May-05,2003,NA,FALSE,NA,NA,FALSE,TRUE,4,SARS-CoV,NA,1,0
TRUE,718,Tristan Naidoo,1,Seroprevalence - Unspecified,98.4,0,Percentage (%),NA,NA,Unspecified,NA,NA,NA,NA,NA,61,62,NA,NA,NA,FALSE,NA,NA,FALSE,FALSE,Mid outbreak,NA,NA,NA,FALSE,FALSE,NA,NA,NA,NA,NA,Both,Hospital based,Persons under investigation,20,76,62,Vietnam,Hanoi,26,Feb-02,2003,NA,May-05,2003,NA,FALSE,NA,NA,FALSE,FALSE,1,SARS-CoV,NA,1,0
TRUE,727,Dominic Dee,5,Seroprevalence - IFA,0,0,Percentage (%),NA,NA,Unspecified,NA,NA,NA,NA,NA,0,127,NA,NA,NA,FALSE,NA,NA,FALSE,FALSE,Unspecified,NA,NA,Symptoms,TRUE,FALSE,NA,NA,NA,NA,NA,Unspecified,Travel based,Persons under investigation,NA,NA,127,United States,Seven US-bound aircraft. Follow ups across USA,23,Feb-02,2003,NA,NA,2003,NA,FALSE,NA,NA,FALSE,FALSE,12,SARS-CoV,NA,1,0
TRUE,745,Dominic Dee,6,Severity - case fatality rate (CFR),17,0,Percentage (%),NA,NA,Unspecified,NA,NA,NA,NA,NA,302,1755,NA,NA,NA,FALSE,NA,NA,FALSE,FALSE,NA,Naive,NA,Age;Occupation;Sex,TRUE,FALSE,NA,NA,NA,NA,NA,Both,Hospital based,Persons under investigation,NA,NA,1755,Hong Kong SAR; China,Hong Kong,NA,Feb-02,2003,NA,Jul-07,2003,NA,FALSE,NA,NA,FALSE,FALSE,14,SARS-CoV,NA,1,0
TRUE,745,Dominic Dee,6,Risk factors,NA,0,NA,NA,NA,NA,NA,NA,NA,NA,NA,NA,NA,NA,NA,NA,FALSE,NA,NA,FALSE,FALSE,NA,NA,NA,Other,TRUE,FALSE,Death,Sex;Age;Ocupation,Healthcare,Significant,Not adjusted,Both,Hospital based,Mixed groups,NA,NA,1755,Hong Kong SAR; China,Hong Kong,NA,Feb-02,2003,NA,Jul-07,2003,NA,FALSE,NA,NA,FALSE,FALSE,15,SARS-CoV,NA,1,0
TRUE,745,Tristan Naidoo,3,Human delay - incubation period,3.7,0,Days,NA,NA,Mean,NA,NA,2.6,5.8,CRI95%,NA,NA,NA,NA,NA,FALSE,NA,NA,FALSE,FALSE,NA,NA,NA,Other,TRUE,FALSE,NA,NA,NA,NA,NA,Both,Hospital based,Mixed groups,NA,NA,302,Hong Kong SAR; China,NA,NA,Feb-02,2003,NA,Jul-07,2003,NA,FALSE,NA,NA,FALSE,FALSE,11,SARS-CoV,NA,1,0
TRUE,745,Tristan Naidoo,3,Human delay - incubation period,4.8,0,Days,NA,NA,Mean,NA,NA,4.2,5.5,CRI95%,NA,NA,NA,NA,NA,FALSE,NA,NA,FALSE,FALSE,NA,NA,NA,Other,TRUE,FALSE,NA,NA,NA,NA,NA,Both,Hospital based,Mixed groups,NA,NA,1453,Hong Kong SAR; China,NA,NA,Feb-02,2003,NA,Jul-07,2003,NA,FALSE,NA,NA,FALSE,FALSE,12,SARS-CoV,NA,1,0
TRUE,745,Tristan Naidoo,3,Human delay - incubation period,4.7,0,Days,NA,NA,Mean,NA,NA,4.1,5.4,CRI95%,NA,NA,Normal-Log,NA,NA,FALSE,NA,NA,FALSE,FALSE,NA,NA,NA,Other,TRUE,FALSE,NA,NA,NA,NA,NA,Both,Hospital based,Persons under investigation,NA,NA,234,Hong Kong SAR; China,NA,NA,Feb-02,2003,NA,Jul-07,2003,NA,FALSE,NA,NA,FALSE,FALSE,13,SARS-CoV,NA,1,0
TRUE,745,Tristan Naidoo,3,Human delay - incubation period,4.6,0,Days,NA,NA,Standard Deviation,NA,NA,3.6,6,CRI95%,NA,NA,Normal-Log,NA,NA,FALSE,NA,NA,FALSE,FALSE,NA,NA,NA,Other,TRUE,FALSE,NA,NA,NA,NA,NA,Both,Hospital based,Persons under investigation,NA,NA,234,Hong Kong SAR; China,NA,NA,Feb-02,2003,NA,Jul-07,2003,NA,FALSE,NA,NA,FALSE,FALSE,14,SARS-CoV,NA,1,0
TRUE,745,Tristan Naidoo,3,Risk factors,NA,0,NA,NA,NA,NA,NA,NA,NA,NA,NA,NA,NA,NA,NA,NA,FALSE,NA,NA,FALSE,FALSE,NA,NA,NA,Other,TRUE,FALSE,Death,Other,NA,Not significant,Not adjusted,Both,Hospital based,Mixed groups,NA,NA,1755,Hong Kong SAR; China,NA,NA,Feb-02,2003,NA,Jul-07,2003,NA,FALSE,NA,NA,FALSE,FALSE,15,SARS-CoV,NA,1,0
TRUE,745,Tristan Naidoo,3,Risk factors,NA,0,NA,NA,NA,NA,NA,NA,NA,NA,NA,NA,NA,NA,NA,NA,FALSE,NA,NA,FALSE,FALSE,NA,NA,NA,Other,TRUE,FALSE,Death,Other,NA,Significant,Adjusted,Both,Hospital based,Persons under investigation,NA,NA,308,Hong Kong SAR; China,NA,NA,Feb-02,2003,NA,Jul-07,2003,NA,FALSE,NA,NA,FALSE,FALSE,16,SARS-CoV,NA,1,0
TRUE,745,Tristan Naidoo,3,Risk factors,NA,0,NA,NA,NA,NA,NA,NA,NA,NA,NA,NA,NA,NA,NA,NA,FALSE,NA,NA,FALSE,FALSE,NA,NA,NA,Other,TRUE,FALSE,Death,Other,NA,Significant,Adjusted,Both,Hospital based,Persons under investigation,NA,NA,234,Hong Kong SAR; China,NA,NA,Feb-02,2003,NA,Jul-07,2003,NA,FALSE,NA,NA,FALSE,FALSE,17,SARS-CoV,NA,1,0
TRUE,793,Rob Johnson,2,Mutations – mutation rate,5.7,-6,Unspecified,NA,NA,Unspecified,NA,NA,NA,NA,NA,NA,NA,NA,NA,NA,FALSE,NA,NA,FALSE,FALSE,Unspecified,NA,NA,NA,FALSE,FALSE,NA,NA,NA,NA,NA,Unspecified,Unspecified,Unspecified,NA,NA,6,Singapore,NA,NA,NA,NA,NA,NA,2003,whole genome,TRUE,NA,NA,FALSE,FALSE,8,SARS-CoV,NA,1,0
TRUE,793,Rob Johnson,2,Mutations – mutation rate,4.3,-6,Unspecified,NA,NA,Unspecified,NA,NA,NA,NA,NA,NA,NA,NA,NA,NA,FALSE,NA,NA,FALSE,FALSE,Unspecified,NA,NA,NA,FALSE,FALSE,NA,NA,NA,NA,NA,Unspecified,Unspecified,Unspecified,NA,NA,12,Singapore,NA,NA,NA,NA,NA,NA,2003,whole genome,TRUE,NA,NA,FALSE,FALSE,9,SARS-CoV,NA,1,0
TRUE,804,Tristan Naidoo,5,Human delay - incubation period,5,0,Days,NA,NA,Mean,NA,NA,2,10,Range,NA,NA,NA,NA,NA,FALSE,NA,NA,FALSE,FALSE,Unspecified,NA,NA,NA,FALSE,FALSE,NA,NA,NA,NA,NA,Unspecified,Hospital based,Persons under investigation,NA,NA,42,Canada,Toronto,14,Mar-03,2003,15,Apr-04,2003,NA,FALSE,NA,NA,FALSE,FALSE,21,SARS-CoV,NA,1,0
TRUE,804,Rob Johnson,1,Attack rate,NA,0,Percentage (%),10.3,60,Unspecified,NA,NA,NA,NA,NA,NA,NA,NA,NA,NA,FALSE,NA,NA,FALSE,FALSE,Unspecified,NA,NA,Occupation,TRUE,TRUE,NA,NA,NA,NA,NA,Both,Hospital based,Healthcare workers,NA,NA,NA,Canada,Toronto,14,Mar-03,2003,15,Apr-04,2003,NA,FALSE,NA,NA,FALSE,FALSE,6,SARS-CoV,NA,1,0
TRUE,804,Tristan Naidoo,5,Human delay - incubation period,4,0,Days,NA,NA,Median,NA,NA,2,10,Range,NA,NA,NA,NA,NA,FALSE,NA,NA,FALSE,FALSE,Unspecified,NA,NA,NA,FALSE,FALSE,NA,NA,NA,NA,NA,Unspecified,Hospital based,Persons under investigation,NA,NA,42,Canada,Toronto,14,Mar-03,2003,15,Apr-04,2003,NA,FALSE,NA,NA,FALSE,FALSE,20,SARS-CoV,NA,1,0
TRUE,804,Rob Johnson,1,Severity - case fatality rate (CFR),13.3,0,Percentage (%),0,90,Unspecified,NA,NA,NA,NA,NA,17,128,NA,NA,NA,FALSE,NA,NA,FALSE,FALSE,Unspecified,Naive,NA,Age;Other,TRUE,FALSE,NA,NA,NA,NA,NA,Both,Hospital based,Persons under investigation,1.75,86,128,Canada,Toronto,14,Mar-03,2003,10,Jul-07,2003,NA,FALSE,NA,NA,FALSE,FALSE,5,SARS-CoV,NA,1,0
TRUE,804,Rob Johnson,1,Human delay - symptom onset>death,24.8,0,Days,NA,NA,Mean,NA,NA,9,57,Range,NA,NA,NA,NA,NA,FALSE,NA,NA,FALSE,FALSE,Unspecified,NA,NA,NA,FALSE,FALSE,NA,NA,NA,NA,NA,Both,Hospital based,Persons under investigation,38,86,17,Canada,Toronto,14,Mar-03,2003,15,Apr-04,2003,NA,FALSE,NA,NA,FALSE,FALSE,3,SARS-CoV,NA,1,0
TRUE,882,Rebecca,2,Secondary attack rate,10.2,0,Percentage (%),NA,NA,Unspecified,NA,NA,6.7,23.5,CI95%,NA,NA,NA,NA,NA,FALSE,NA,NA,FALSE,FALSE,Unspecified,NA,NA,NA,FALSE,FALSE,NA,NA,NA,NA,NA,Both,Household based,Persons under investigation,1,79,176,Canada,Toronto; York Region; Ontario,25,May-05,2003,31,Oct-10,2003,NA,FALSE,NA,NA,FALSE,FALSE,4,SARS-CoV,NA,1,0
TRUE,882,Rebecca,2,Risk factors,NA,0,NA,NA,NA,NA,NA,NA,NA,NA,NA,NA,NA,NA,NA,NA,FALSE,NA,NA,FALSE,FALSE,Unspecified,NA,NA,NA,FALSE,FALSE,Infection,Age;Occupation;Other;Close contact,Healthcare,Significant,Not adjusted,Both,Household based,Persons under investigation,1,79,176,Canada,Toronto; York Region; Ontario,25,May-05,2003,31,Oct-10,2003,NA,FALSE,NA,NA,FALSE,FALSE,2,SARS-CoV,NA,1,0
TRUE,882,Rebecca,2,Risk factors,NA,0,NA,NA,NA,NA,NA,NA,NA,NA,NA,NA,NA,NA,NA,NA,FALSE,NA,NA,FALSE,FALSE,Unspecified,NA,NA,NA,FALSE,FALSE,Infection,Other;Close contact,NA,Significant,Adjusted,Both,Household based,Persons under investigation,1,79,176,Canada,Toronto; York Region; Ontario,25,May-05,2003,31,Oct-10,2003,NA,FALSE,NA,NA,FALSE,FALSE,3,SARS-CoV,NA,1,0
TRUE,882,Rob Johnson,7,Risk factors,NA,0,NA,NA,NA,NA,NA,NA,NA,NA,NA,NA,NA,NA,NA,NA,FALSE,NA,NA,FALSE,FALSE,Unspecified,NA,NA,NA,FALSE,FALSE,Infection,Age;Occupation,Healthcare,Not significant,Not adjusted,Both,Household based,Persons under investigation,1,79,176,Canada,Toronto; York Region; Ontario,25,May-05,2003,31,Oct-10,2003,NA,FALSE,NA,NA,FALSE,FALSE,28,SARS-CoV,NA,1,0
TRUE,882,Rob Johnson,7,Risk factors,NA,0,NA,NA,NA,NA,NA,NA,NA,NA,NA,NA,NA,NA,NA,NA,FALSE,NA,NA,FALSE,FALSE,Unspecified,NA,NA,NA,FALSE,FALSE,Infection,Occupation;Other,Healthcare,Not significant,Adjusted,Both,Household based,Persons under investigation,1,79,176,Canada,Toronto; York Region; Ontario,25,May-05,2003,31,Oct-10,2003,NA,FALSE,NA,NA,FALSE,FALSE,29,SARS-CoV,NA,1,0
TRUE,893,Rob Johnson,6,Risk factors,NA,0,NA,NA,NA,NA,NA,NA,NA,NA,NA,NA,NA,NA,NA,NA,FALSE,NA,NA,FALSE,FALSE,Unspecified,NA,NA,NA,FALSE,FALSE,Other,Age;Non-household contact;Other;Sex,NA,Not significant,Not adjusted,Both,Hospital based,Healthcare workers,NA,NA,45,Singapore,Tan Tock Seng Hospital; Singapore,NA,Apr-04,2003,NA,Jun-06,2003,NA,FALSE,NA,NA,FALSE,FALSE,21,SARS-CoV,NA,1,0
TRUE,893,Rob Johnson,6,Risk factors,NA,0,NA,NA,NA,NA,NA,NA,NA,NA,NA,NA,NA,NA,NA,NA,FALSE,NA,NA,FALSE,FALSE,Unspecified,NA,NA,NA,FALSE,FALSE,Other,Other,NA,Significant,Not adjusted,Both,Hospital based,Healthcare workers,NA,NA,45,Singapore,Tan Tock Seng Hospital; Singapore,NA,Apr-04,2003,NA,Jun-06,2003,NA,FALSE,NA,NA,FALSE,FALSE,22,SARS-CoV,NA,1,0
TRUE,893,Rob Johnson,6,Attack rate,57,0,Percentage (%),NA,NA,Unspecified,NA,NA,NA,NA,NA,NA,NA,NA,NA,NA,FALSE,NA,NA,FALSE,FALSE,Unspecified,NA,NA,NA,FALSE,FALSE,NA,NA,NA,NA,NA,Both,Hospital based,Healthcare workers,19,64,80,Singapore,Tan Tock Seng Hospital; Singapore,NA,Apr-04,2003,NA,Jun-06,2003,NA,FALSE,NA,NA,FALSE,FALSE,23,SARS-CoV,NA,1,0
TRUE,893,Ruth,1,Seroprevalence - Unspecified,56,0,Percentage (%),NA,NA,Unspecified,NA,NA,NA,NA,NA,45,80,NA,NA,NA,FALSE,NA,NA,FALSE,FALSE,Unspecified,NA,NA,Symptoms,TRUE,FALSE,NA,NA,NA,NA,NA,Both,Hospital based,Healthcare workers,19,64,80,Singapore,Tan Tock Seng Hospital; Singapore,NA,Apr-04,2003,NA,Jun-06,2003,NA,FALSE,NA,NA,FALSE,FALSE,1,SARS-CoV,NA,1,0
TRUE,948,Rob Johnson,5,Severity - case fatality rate (CFR),15,0,Percentage (%),10,17,Unspecified,NA,NA,NA,NA,NA,17,111,NA,NA,NA,FALSE,NA,NA,FALSE,FALSE,Unspecified,Naive,NA,Age;Occupation;Other;Sex,TRUE,FALSE,NA,NA,NA,NA,NA,Both,Hospital based,Mixed groups,16,82,111,China,Pingjin Hospital; Tianjin; China,NA,NA,2003,6,NA,2003,NA,FALSE,NA,NA,FALSE,FALSE,12,SARS-CoV,NA,1,0
TRUE,948,Rob Johnson,5,Risk factors,NA,0,NA,NA,NA,NA,NA,NA,NA,NA,NA,NA,NA,NA,NA,NA,FALSE,NA,NA,FALSE,FALSE,Unspecified,NA,NA,NA,FALSE,FALSE,Death,Age;Other,NA,Significant,Adjusted,Both,Hospital based,Mixed groups,NA,NA,82,China,Pingjin Hospital; Tianjin; China,NA,NA,2003,NA,NA,2003,NA,FALSE,NA,NA,FALSE,FALSE,13,SARS-CoV,NA,1,0
TRUE,948,Rob Johnson,5,Risk factors,NA,0,NA,NA,NA,NA,NA,NA,NA,NA,NA,NA,NA,NA,NA,NA,FALSE,NA,NA,FALSE,FALSE,Unspecified,NA,NA,NA,FALSE,FALSE,Death,Cormobidity;Occupation;Other;Sex,NA,Not significant,Adjusted,Both,Hospital based,Mixed groups,NA,NA,82,China,Pingjin Hospital; Tianjin; China,NA,NA,2003,NA,NA,2003,NA,FALSE,NA,NA,FALSE,FALSE,14,SARS-CoV,NA,1,0
TRUE,948,Rob Johnson,5,Risk factors,NA,0,NA,NA,NA,NA,NA,NA,NA,NA,NA,NA,NA,NA,NA,NA,FALSE,NA,NA,FALSE,FALSE,Unspecified,NA,NA,NA,FALSE,FALSE,Death,Age;Cormobidity;Occupation;Other;Sex,Healthcare,Significant,Not adjusted,Both,Hospital based,Mixed groups,16,77,90,China,Pingjin Hospital; Tianjin; China,NA,NA,2003,NA,NA,2003,NA,FALSE,NA,NA,FALSE,FALSE,15,SARS-CoV,NA,1,0
TRUE,948,Rob Johnson,5,Risk factors,NA,0,NA,NA,NA,NA,NA,NA,NA,NA,NA,NA,NA,NA,NA,NA,FALSE,NA,NA,FALSE,FALSE,Unspecified,NA,NA,NA,FALSE,FALSE,Death,Other,NA,Not significant,Not adjusted,Both,Hospital based,Mixed groups,16,77,90,China,Pingjin Hospital; Tianjin; China,NA,NA,2003,NA,NA,2003,NA,FALSE,NA,NA,FALSE,FALSE,16,SARS-CoV,NA,1,0
TRUE,999,Rob Johnson,3,Mutations – mutation rate,NA,0,Percentage (%),0.079,3.333,Unspecified,NA,NA,NA,NA,NA,NA,NA,NA,NA,NA,FALSE,NA,NA,FALSE,FALSE,Unspecified,NA,NA,Other,TRUE,TRUE,NA,NA,NA,NA,NA,Unspecified,Unspecified,Unspecified,NA,NA,33,NA,NA,NA,NA,NA,NA,NA,NA,NA,FALSE,NA,NA,FALSE,FALSE,11,SARS-CoV,NA,1,0
TRUE,999,Ruth,4,Mutations – mutation rate,0.636,0,Percentage (%),NA,NA,Unspecified,NA,NA,NA,NA,NA,188,29751,NA,NA,NA,FALSE,NA,NA,FALSE,FALSE,Unspecified,NA,NA,NA,FALSE,FALSE,NA,NA,NA,NA,NA,Unspecified,Unspecified,Unspecified,NA,NA,33,NA,NA,NA,NA,NA,NA,NA,NA,NA,FALSE,NA,NA,FALSE,FALSE,8,SARS-CoV,NA,1,0
TRUE,999,Ruth,4,Mutations – mutation rate,0.121,0,Percentage (%),NA,NA,Unspecified,NA,NA,NA,NA,NA,36,29751,NA,NA,NA,FALSE,NA,NA,FALSE,FALSE,Unspecified,NA,NA,NA,FALSE,FALSE,NA,NA,NA,NA,NA,Unspecified,Unspecified,Unspecified,NA,NA,33,NA,NA,NA,NA,NA,NA,NA,NA,NA,FALSE,NA,NA,FALSE,FALSE,9,SARS-CoV,NA,1,0
TRUE,1023,Kieran Drake,7,Reproduction number (Basic R0),NA,0,No units,2.21,2.53,Unspecified,NA,NA,NA,NA,NA,NA,NA,NA,NA,NA,FALSE,NA,NA,FALSE,FALSE,Unspecified,NA,Compartmental model,Time,TRUE,FALSE,NA,NA,NA,NA,NA,Unspecified,Unspecified,Unspecified,NA,NA,NA,Canada,Greater Toronto Area,23,Feb-02,2003,11,Jun-06,2003,NA,FALSE,NA,NA,FALSE,FALSE,29,SARS-CoV,Unspecified,1,0
TRUE,1023,Kieran Drake,7,Reproduction number (Basic R0),1.88,0,No units,NA,NA,Unspecified,NA,NA,1.85,1.91,CI95%,NA,NA,NA,NA,NA,FALSE,NA,NA,FALSE,FALSE,Unspecified,NA,Compartmental model,NA,FALSE,FALSE,NA,NA,NA,NA,NA,Unspecified,Unspecified,Unspecified,NA,NA,NA,Taiwan; China,NA,25,Feb-02,2003,25,Jun-06,2003,NA,FALSE,NA,NA,FALSE,FALSE,30,SARS-CoV,Unspecified,1,0
TRUE,1036,Kieran Drake,8,Reproduction number (Basic R0),NA,0,NA,1.0698,3.2524,NA,NA,NA,NA,NA,NA,NA,NA,NA,NA,NA,FALSE,NA,NA,FALSE,FALSE,Unspecified,NA,Compartmental model,NA,FALSE,FALSE,NA,NA,NA,NA,NA,Unspecified,Population based,General population,NA,NA,NA,China,Beijing,27,Apr-04,2003,10,Jun-06,2003,NA,FALSE,NA,NA,FALSE,FALSE,31,SARS-CoV,Unspecified,1,0
TRUE,1046,Kieran Drake,5,Attack rate,9.7,0,Percentage (%),2.5,47.7,Unspecified,NA,NA,NA,NA,NA,NA,NA,NA,NA,NA,FALSE,NA,NA,FALSE,FALSE,Unspecified,NA,NA,Other,TRUE,FALSE,NA,NA,NA,NA,NA,Unspecified,Hospital based,Mixed groups,NA,NA,1140,China,Pingjin Hospital; Tianjin,16,Apr-04,2003,12,May-05,2003,NA,FALSE,NA,NA,FALSE,FALSE,16,SARS-CoV,NA,1,0
TRUE,1046,Kieran Drake,5,Human delay - latent period,4,0,Days,NA,NA,Median,NA,NA,2,11,Range,NA,NA,NA,NA,NA,FALSE,NA,NA,FALSE,FALSE,Unspecified,NA,NA,NA,FALSE,FALSE,NA,NA,NA,NA,NA,Unspecified,Hospital based,Mixed groups,16,82,111,China,Pingjin Hospital; Tianjin,16,Apr-04,2003,12,May-05,2003,NA,FALSE,NA,NA,FALSE,FALSE,18,SARS-CoV,NA,1,0
TRUE,1046,Richard Sheppard,4,Severity - case fatality rate (CFR),11.7,0,Percentage (%),NA,NA,Unspecified,NA,NA,NA,NA,NA,13,111,NA,NA,NA,FALSE,NA,NA,FALSE,FALSE,Unspecified,Unspecified,NA,NA,FALSE,FALSE,NA,NA,NA,NA,NA,Both,Hospital based,Persons under investigation,16,82,111,China,Pingjin Hospital; Tianjin,16,Apr-04,2003,12,May-05,2003,NA,FALSE,NA,NA,FALSE,FALSE,8,SARS-CoV,NA,1,0
TRUE,1090,Richard Sheppard,6,Risk factors,NA,0,NA,NA,NA,NA,NA,NA,NA,NA,NA,NA,NA,NA,NA,NA,FALSE,NA,NA,FALSE,FALSE,NA,NA,NA,NA,FALSE,FALSE,Other,Other,NA,Significant,Unspecified,Both,Hospital based,Persons under investigation,NA,NA,8378,Singapore,NA,13,Mar-03,2003,31,May-05,2003,NA,FALSE,NA,NA,FALSE,FALSE,12,SARS-CoV,NA,1,0
TRUE,1090,Richard Sheppard,6,Risk factors,NA,0,NA,NA,NA,NA,NA,NA,NA,NA,NA,NA,NA,NA,NA,NA,FALSE,NA,NA,FALSE,FALSE,NA,NA,NA,NA,FALSE,FALSE,Infection,Other,NA,Significant,Unspecified,Both,Hospital based,Persons under investigation,NA,NA,1018,Singapore,NA,13,Mar-03,2003,31,May-05,2003,NA,FALSE,NA,NA,FALSE,FALSE,13,SARS-CoV,NA,1,0
TRUE,1102,Richard Sheppard,3,Risk factors,NA,0,NA,NA,NA,NA,NA,NA,NA,NA,NA,NA,NA,NA,NA,NA,FALSE,NA,NA,FALSE,FALSE,NA,NA,NA,NA,FALSE,FALSE,Infection,Age;Close contact;Cormobidity;Occupation;Other,Healthcare,Not significant,Not adjusted,Both,Hospital based,Healthcare workers,NA,NA,86,Singapore,Communicable Disease Centre in Tan Tock Seng Hospital; Singapore,1,Mar-03,2003,31,Mar-03,2003,NA,FALSE,NA,NA,FALSE,FALSE,5,SARS-CoV,NA,1,0
TRUE,1102,Richard Sheppard,3,Risk factors,NA,0,NA,NA,NA,NA,NA,NA,NA,NA,NA,NA,NA,NA,NA,NA,FALSE,NA,NA,FALSE,FALSE,NA,NA,NA,NA,FALSE,FALSE,Infection,Other;Sex,Healthcare,Not significant,Adjusted,Both,Hospital based,Healthcare workers,NA,NA,86,Singapore,Communicable Disease Centre in Tan Tock Seng Hospital; Singapore,1,Mar-03,2003,31,Mar-03,2003,NA,FALSE,NA,NA,FALSE,FALSE,6,SARS-CoV,NA,1,0
TRUE,1102,Richard Sheppard,3,Risk factors,NA,0,NA,NA,NA,NA,NA,NA,NA,NA,NA,NA,NA,NA,NA,NA,FALSE,NA,NA,FALSE,FALSE,NA,NA,NA,NA,FALSE,FALSE,Infection,Close contact;Other,Healthcare,Significant,Adjusted,Both,Hospital based,Healthcare workers,NA,NA,86,Singapore,Communicable Disease Centre in Tan Tock Seng Hospital; Singapore,1,Mar-03,2003,31,Mar-03,2003,NA,FALSE,NA,NA,FALSE,FALSE,7,SARS-CoV,NA,1,0
TRUE,1102,Richard Sheppard,3,Risk factors,NA,0,NA,NA,NA,NA,NA,NA,NA,NA,NA,NA,NA,NA,NA,NA,FALSE,NA,NA,FALSE,FALSE,NA,NA,NA,NA,FALSE,FALSE,Infection,Close contact;Other,Healthcare,Significant,Not adjusted,Both,Hospital based,Healthcare workers,NA,NA,86,Singapore,Communicable Disease Centre in Tan Tock Seng Hospital; Singapore,1,Mar-03,2003,31,Mar-03,2003,NA,FALSE,NA,NA,FALSE,FALSE,4,SARS-CoV,NA,1,0
TRUE,1153,Anna V,1,Attack rate,10,0,Percentage (%),0,12.5,Unspecified,NA,NA,NA,NA,NA,NA,NA,NA,NA,NA,FALSE,NA,NA,FALSE,FALSE,Post outbreak,NA,NA,Other,TRUE,FALSE,NA,NA,NA,NA,NA,Both,Hospital based,Mixed groups,21,90,70,Singapore,Singapore General Hospital,5,Apr-04,2023,NA,NA,NA,NA,FALSE,NA,NA,FALSE,FALSE,3,SARS-CoV,NA,1,0
TRUE,1153,Anna V,1,Severity - case fatality rate (CFR),14,0,Percentage (%),NA,NA,Unspecified,NA,NA,NA,NA,NA,1,7,NA,NA,NA,FALSE,NA,NA,FALSE,FALSE,Post outbreak,Naive,NA,NA,FALSE,FALSE,NA,NA,NA,NA,NA,Both,Hospital based,Mixed groups,37,74,7,Singapore,Singapore General Hospital,5,Apr-04,2023,NA,NA,NA,NA,FALSE,NA,NA,FALSE,FALSE,5,SARS-CoV,NA,1,0
TRUE,1183,Anna V,4,Human delay - incubation period,4.09,0,Days,NA,NA,Mean,9.65,Variance,0,14,Range,NA,NA,NA,NA,NA,FALSE,NA,NA,FALSE,FALSE,Unspecified,NA,NA,NA,FALSE,FALSE,NA,NA,NA,NA,NA,Unspecified,Hospital based,Persons under investigation,NA,NA,16,Hong Kong SAR; China,Prince of Wales Hospital,NA,NA,2003,NA,NA,2003,NA,FALSE,NA,NA,FALSE,FALSE,8,SARS-CoV,NA,1,0
TRUE,1217,Kieran Drake,3,Risk factors,NA,0,NA,NA,NA,NA,NA,NA,NA,NA,NA,NA,NA,NA,NA,NA,FALSE,NA,NA,FALSE,FALSE,Unspecified,NA,NA,Occupation;Other;Time,FALSE,TRUE,Infection,Hospitalisation;Household contact;Non-household contact;Other;Social gathering,Healthcare;Unspecified,Significant,Unspecified,Unspecified,Hospital based,Unspecified,0.4,99,225,Canada,Toronto,23,Feb-02,2003,1,Jul-07,2003,NA,FALSE,NA,NA,FALSE,FALSE,14,SARS-CoV,NA,1,0
TRUE,1217,Kieran Drake,3,Risk factors,NA,0,NA,NA,NA,NA,NA,NA,NA,NA,NA,NA,NA,NA,NA,NA,FALSE,NA,NA,FALSE,FALSE,Unspecified,NA,NA,Occupation;Other;Time,FALSE,TRUE,Infection,Hospitalisation;Household contact;Non-household contact;Other;Social gathering,Healthcare;Unspecified,Not significant,Unspecified,Unspecified,Hospital based,Unspecified,0.4,99,225,Canada,Toronto,23,Feb-02,2003,1,Jul-07,2003,NA,FALSE,NA,NA,FALSE,FALSE,15,SARS-CoV,NA,1,0
TRUE,1217,Kieran Drake,3,Attack rate,1,0,Percentage (%),NA,NA,NA,NA,NA,0.8,1.1,CI95%,NA,NA,NA,NA,NA,FALSE,NA,NA,FALSE,FALSE,Unspecified,NA,NA,NA,FALSE,FALSE,NA,NA,NA,NA,NA,Unspecified,Population based,General population,NA,NA,23103,Canada,Toronto,23,Feb-02,2003,1,Jul-07,2003,NA,FALSE,NA,NA,FALSE,FALSE,4,SARS-CoV,NA,1,0
TRUE,1217,Kieran Drake,3,Seroprevalence - Unspecified,96.1,0,Percentage (%),NA,NA,NA,NA,NA,NA,NA,NA,124,129,NA,NA,NA,FALSE,NA,NA,FALSE,FALSE,Unspecified,Unspecified,NA,NA,FALSE,FALSE,NA,NA,NA,NA,NA,Unspecified,Population based,Persons under investigation,NA,NA,129,Canada,Toronto,23,Feb-02,2003,1,Jul-07,2003,NA,FALSE,NA,NA,FALSE,FALSE,6,SARS-CoV,NA,1,0
TRUE,1217,Rebecca,3,Human delay - other human delay (go to section),3.9,0,Days,NA,NA,Mean,3.2,Standard deviation (Sd),NA,NA,NA,NA,NA,NA,NA,NA,FALSE,NA,NA,FALSE,FALSE,Mid outbreak,NA,NA,NA,FALSE,FALSE,NA,NA,NA,NA,NA,Unspecified,Population based,General population,0,99,225,Canada,Toronto,23,Feb-02,2003,1,Jul-07,2003,NA,FALSE,Symptom Onset/Fever,Reporting,FALSE,FALSE,6,SARS-CoV,NA,1,0
TRUE,1217,Rebecca,3,Human delay - incubation period,4.7,0,Days,NA,NA,Mean,NA,NA,1,12,Range,NA,NA,NA,NA,NA,FALSE,NA,NA,FALSE,FALSE,Mid outbreak,NA,NA,NA,FALSE,FALSE,NA,NA,NA,NA,NA,Unspecified,Population based,General population,NA,NA,59,Canada,Toronto,23,Feb-02,2003,1,Jul-07,2003,NA,FALSE,NA,NA,FALSE,FALSE,7,SARS-CoV,NA,1,0
TRUE,1217,Rebecca,3,Severity - case fatality rate (CFR),16.9,0,Percentage (%),NA,NA,NA,NA,NA,NA,NA,NA,38,225,NA,NA,NA,FALSE,NA,NA,FALSE,FALSE,Mid outbreak,Naive,NA,NA,FALSE,FALSE,NA,NA,NA,NA,NA,Unspecified,Population based,General population,0,99,225,Canada,Toronto,23,Feb-02,2003,1,Jul-07,2003,NA,FALSE,NA,NA,FALSE,FALSE,5,SARS-CoV,NA,1,0
TRUE,1236,Kieran Drake,6,Seroprevalence - IgG,98.41,0,Percentage (%),NA,NA,NA,NA,NA,NA,NA,NA,124,126,NA,NA,NA,FALSE,NA,NA,FALSE,FALSE,Unspecified,NA,NA,NA,FALSE,FALSE,NA,NA,NA,NA,NA,Both,Hospital based,Persons under investigation,NA,NA,126,Hong Kong SAR; China,Prince of Wales Hospital; Shatin; NT,11,Mar-03,2003,25,Mar-03,2003,NA,FALSE,NA,NA,FALSE,FALSE,21,SARS-CoV,NA,1,0
TRUE,1236,Kieran Drake,6,Risk factors,NA,0,NA,NA,NA,NA,NA,NA,NA,NA,NA,NA,NA,NA,NA,NA,FALSE,NA,NA,FALSE,FALSE,Unspecified,NA,NA,NA,FALSE,FALSE,Other,Age;Other;Sex,Unspecified,Not significant,Not adjusted,Both,Hospital based,Persons under investigation,NA,NA,138,Hong Kong SAR; China,Prince of Wales Hospital; Shatin; NT,11,Mar-03,2003,25,Mar-03,2003,NA,FALSE,NA,NA,FALSE,FALSE,23,SARS-CoV,NA,1,0
TRUE,1236,Kieran Drake,6,Risk factors,NA,0,NA,NA,NA,NA,NA,NA,NA,NA,NA,NA,NA,NA,NA,NA,FALSE,NA,NA,FALSE,FALSE,Unspecified,NA,NA,NA,FALSE,FALSE,Other,Other,Unspecified,Significant,Not adjusted,Both,Hospital based,Persons under investigation,NA,NA,138,Hong Kong SAR; China,Prince of Wales Hospital; Shatin; NT,11,Mar-03,2003,25,Mar-03,2003,NA,FALSE,NA,NA,FALSE,FALSE,24,SARS-CoV,NA,1,0
TRUE,1236,Rebecca,4,Human delay - symptom onset>admission to care,3,0,Days,NA,NA,Median,NA,NA,0,11,Range,NA,NA,NA,NA,NA,FALSE,NA,NA,FALSE,FALSE,Unspecified,NA,NA,NA,FALSE,FALSE,NA,NA,NA,NA,NA,Both,Hospital based,Persons under investigation,NA,NA,138,Hong Kong SAR; China,Prince of Wales Hospital; Shatin; NT,11,Mar-03,2003,25,Mar-03,2003,NA,FALSE,NA,NA,FALSE,FALSE,10,SARS-CoV,NA,1,0
TRUE,1236,Rebecca,4,Severity - case fatality rate (CFR),10.9,0,Percentage (%),NA,NA,NA,NA,NA,NA,NA,NA,15,138,NA,NA,NA,FALSE,NA,NA,FALSE,FALSE,Unspecified,Naive,NA,NA,FALSE,FALSE,NA,NA,NA,NA,NA,Both,Hospital based,Persons under investigation,NA,NA,138,Hong Kong SAR; China,Prince of Wales Hospital; Shatin; NT,11,Mar-03,2003,28,Jul-07,2003,NA,FALSE,NA,NA,FALSE,FALSE,8,SARS-CoV,NA,1,0
TRUE,1365,Anna V,5,secondary attack rate,4.2,0,Percentage (%),NA,NA,NA,NA,NA,1.5,7,CI95%,NA,NA,NA,NA,NA,FALSE,NA,NA,FALSE,FALSE,Mid outbreak,NA,NA,NA,FALSE,FALSE,NA,NA,NA,NA,NA,Both,Contact based,Mixed groups,0,82,212,Vietnam,national,26,Feb-02,2003,28,Apr-04,2003,NA,FALSE,NA,NA,FALSE,FALSE,9,SARS-CoV,NA,1,0
TRUE,1365,Anna V,5,Attack rate,6.7,0,Percentage (%),NA,NA,NA,NA,NA,0.6,14,CI95%,NA,NA,NA,NA,NA,FALSE,NA,NA,FALSE,FALSE,Mid outbreak,NA,NA,NA,FALSE,FALSE,NA,NA,NA,NA,NA,Both,Contact based,Mixed groups,0,82,212,Vietnam,national,26,Feb-02,2003,28,Apr-04,2003,NA,FALSE,NA,NA,FALSE,FALSE,12,SARS-CoV,NA,1,0
TRUE,1365,Joseph,1,Risk factors,NA,0,NA,NA,NA,NA,NA,NA,NA,NA,NA,NA,NA,NA,NA,NA,FALSE,NA,NA,FALSE,FALSE,Mid outbreak,NA,NA,NA,FALSE,FALSE,Infection,Age;Close contact;Cormobidity;Household contact;Non-household contact;Other;Sex,NA,Not significant,Not adjusted,Both,Contact based,Mixed groups,0,82,212,Vietnam,national,26,Feb-02,2003,28,Apr-04,2003,NA,FALSE,NA,NA,FALSE,FALSE,7,SARS-CoV,NA,1,0
TRUE,1365,Joseph,1,Risk factors,NA,0,NA,NA,NA,NA,NA,NA,NA,NA,NA,NA,NA,NA,NA,NA,FALSE,NA,NA,FALSE,FALSE,Mid outbreak,NA,NA,NA,FALSE,FALSE,Infection,Household contact;Other,NA,Significant,Adjusted,Both,Contact based,Mixed groups,0,82,212,Vietnam,national,26,Feb-02,2003,28,Apr-04,2003,NA,FALSE,NA,NA,FALSE,FALSE,8,SARS-CoV,NA,1,0
TRUE,1365,Joseph,1,Reproduction number (Basic R0),0.2,0,No units,NA,NA,Other,NA,NA,NA,NA,NA,NA,NA,NA,NA,NA,FALSE,NA,NA,FALSE,FALSE,Mid outbreak,NA,Empirical (contact tracing),NA,FALSE,FALSE,NA,NA,NA,NA,NA,Both,Contact based,Mixed groups,0,82,212,Vietnam,national,26,Feb-02,2003,28,Apr-04,2003,NA,FALSE,NA,NA,FALSE,FALSE,3,SARS-CoV,Human-human,1,0
TRUE,1365,Joseph,1,Human delay - symptom onset>admission to care,4,0,Days,NA,NA,Mean,NA,NA,0,13,Range,NA,NA,NA,NA,NA,FALSE,NA,NA,FALSE,FALSE,Mid outbreak,NA,NA,NA,FALSE,FALSE,NA,NA,NA,NA,NA,Both,Hospital based,Persons under investigation,NA,NA,45,Vietnam,national,26,Feb-02,2003,28,Apr-04,2003,NA,FALSE,NA,NA,FALSE,FALSE,4,SARS-CoV,NA,1,0
TRUE,1365,Joseph,1,Human delay - symptom onset>admission to care,6,0,Days,NA,NA,Mean,NA,NA,NA,NA,NA,NA,NA,NA,NA,NA,FALSE,NA,NA,FALSE,FALSE,Mid outbreak,NA,NA,NA,FALSE,FALSE,NA,NA,NA,NA,NA,Both,Contact based,Persons under investigation,NA,NA,3,Vietnam,national,26,Feb-02,2003,28,Apr-04,2003,NA,FALSE,NA,NA,FALSE,FALSE,5,SARS-CoV,NA,1,0
TRUE,1365,Joseph,1,Risk factors,NA,0,NA,NA,NA,NA,NA,NA,NA,NA,NA,NA,NA,NA,NA,NA,FALSE,NA,NA,FALSE,FALSE,Mid outbreak,NA,NA,NA,FALSE,FALSE,Infection,Household contact;Other,NA,Significant,Not adjusted,Both,Contact based,Mixed groups,0,82,212,Vietnam,national,26,Feb-02,2003,28,Apr-04,2003,NA,FALSE,NA,NA,FALSE,FALSE,6,SARS-CoV,NA,1,0
TRUE,1396,Joseph,2,Severity - case fatality rate (CFR),10.1,0,Percentage (%),NA,NA,Unspecified,NA,NA,NA,NA,NA,22,218,NA,NA,NA,FALSE,NA,NA,FALSE,FALSE,Mid outbreak,Adjusted,NA,NA,FALSE,FALSE,NA,NA,NA,NA,NA,Both,Hospital based,Persons under investigation,NA,NA,218,Hong Kong SAR; China,Princess Margaret Hospital,26,Feb-02,2003,31,Mar-03,2003,NA,FALSE,NA,NA,FALSE,FALSE,12,SARS-CoV,NA,1,0
TRUE,1396,Joseph,2,Risk factors,NA,0,NA,NA,NA,NA,NA,NA,NA,NA,NA,NA,NA,NA,NA,NA,FALSE,NA,NA,FALSE,FALSE,Mid outbreak,NA,NA,NA,FALSE,FALSE,Death,Age;Cormobidity;Other;Sex,NA,Significant,Not adjusted,Both,Hospital based,Persons under investigation,NA,NA,218,Hong Kong SAR; China,Princess Margaret Hospital,26,Feb-02,2003,31,Mar-03,2003,NA,FALSE,NA,NA,FALSE,FALSE,13,SARS-CoV,NA,1,0
TRUE,1396,Joseph,2,Risk factors,NA,0,NA,NA,NA,NA,NA,NA,NA,NA,NA,NA,NA,NA,NA,NA,FALSE,NA,NA,FALSE,FALSE,Mid outbreak,NA,NA,NA,FALSE,FALSE,Death,Cormobidity;Other,NA,Significant,Adjusted,Both,Hospital based,Persons under investigation,NA,NA,218,Hong Kong SAR; China,Princess Margaret Hospital,26,Feb-02,2003,31,Mar-03,2003,NA,FALSE,NA,NA,FALSE,FALSE,14,SARS-CoV,NA,1,0
TRUE,1396,Joseph,2,Human delay - other human delay (go to section),4.4,0,Days,NA,NA,Mean,2.3,Standard deviation (Sd),NA,NA,NA,NA,NA,NA,NA,NA,FALSE,NA,NA,FALSE,FALSE,Mid outbreak,NA,NA,NA,FALSE,FALSE,NA,NA,NA,NA,NA,Both,Hospital based,Persons under investigation,NA,NA,218,Hong Kong SAR; China,Princess Margaret Hospital,26,Feb-02,2003,31,Mar-03,2003,NA,FALSE,Symptom Onset/Fever,Other: Sample collection,FALSE,FALSE,9,SARS-CoV,NA,1,0
TRUE,1396,Joseph,2,Seroprevalence - IFA,85.1,0,Percentage (%),NA,NA,Unspecified,NA,NA,NA,NA,NA,74,87,NA,NA,NA,FALSE,NA,NA,FALSE,FALSE,Mid outbreak,NA,NA,NA,FALSE,FALSE,NA,NA,NA,NA,NA,Both,Hospital based,Other,NA,NA,87,Hong Kong SAR; China,Princess Margaret Hospital,26,Feb-02,2003,31,Mar-03,2003,NA,FALSE,NA,NA,FALSE,FALSE,10,SARS-CoV,NA,1,0
TRUE,1396,Joseph,2,Seroprevalence - IFA,75.8,0,Percentage (%),NA,NA,Unspecified,NA,NA,NA,NA,NA,25,33,NA,NA,NA,FALSE,NA,NA,FALSE,FALSE,Mid outbreak,NA,NA,NA,FALSE,FALSE,NA,NA,NA,NA,NA,Both,Hospital based,Other,NA,NA,33,Hong Kong SAR; China,Princess Margaret Hospital,26,Feb-02,2003,31,Mar-03,2003,NA,FALSE,NA,NA,FALSE,FALSE,11,SARS-CoV,NA,1,0
TRUE,1401,Joseph,3,Human delay - incubation period,NA,0,Days,1,11,Other,NA,NA,NA,NA,NA,NA,NA,NA,NA,NA,FALSE,NA,NA,FALSE,FALSE,Unspecified,NA,NA,Other,FALSE,TRUE,NA,NA,NA,NA,NA,Both,Contact based,Persons under investigation,35,72,10,Hong Kong SAR; China,"Queen Mary Hospital; Kwong Wah Hospital;
and Pamela Youde Nethersole Eastern Hospital",22,Feb-02,2003,22,Mar-03,2003,NA,FALSE,NA,NA,FALSE,FALSE,15,SARS-CoV,NA,1,0
TRUE,1401,Tristan Naidoo,6,Human delay - other human delay (go to section),5,0,Days,NA,NA,Median,NA,NA,3,7,Range,NA,NA,NA,NA,NA,FALSE,NA,NA,FALSE,FALSE,Unspecified,NA,NA,NA,FALSE,FALSE,NA,NA,NA,NA,NA,Both,Contact based,Persons under investigation,35,72,10,Hong Kong SAR; China,"Queen Mary Hospital; Kwong Wah Hospital;
and Pamela Youde Nethersole Eastern Hospital",22,Feb-02,2003,22,Mar-03,2002,NA,FALSE,Symptom Onset/Fever,Other: dyspnea,FALSE,FALSE,26,SARS-CoV,NA,1,0
TRUE,1401,Tristan Naidoo,6,Human delay - symptom onset>death,NA,NA,NA,NA,NA,NA,NA,NA,NA,NA,NA,NA,NA,NA,NA,NA,FALSE,NA,NA,FALSE,FALSE,Unspecified,NA,NA,Other,FALSE,TRUE,NA,NA,NA,NA,NA,Male,Contact based,Persons under investigation,53,64,2,Hong Kong SAR; China,NA,22,Feb-02,2003,22,Mar-03,2002,NA,FALSE,NA,NA,FALSE,TRUE,27,SARS-CoV,NA,1,0
TRUE,1401,Tristan Naidoo,6,Human delay - other human delay (go to section),NA,NA,NA,NA,NA,NA,NA,NA,NA,NA,NA,NA,NA,NA,NA,NA,FALSE,NA,NA,FALSE,FALSE,Unspecified,NA,NA,Other,FALSE,TRUE,NA,NA,NA,NA,NA,Both,Contact based,Persons under investigation,35,72,10,Hong Kong SAR; China,NA,22,Feb-02,2003,22,Mar-03,2002,NA,FALSE,Symptom Onset/Fever,Other: treatment,FALSE,TRUE,28,SARS-CoV,NA,1,0
TRUE,1408,Anna Vi,7,Seroprevalence - IgG,12.04,0,Percentage (%),0,33.17,Unspecified,NA,NA,10.11,14.18,CI95%,124,1030,NA,NA,NA,FALSE,NA,NA,FALSE,FALSE,Post outbreak,NA,NA,Age,TRUE,FALSE,NA,NA,NA,NA,NA,Both,Community based,General population,NA,NA,2854,Taiwan; China,San-Ming district of Kaoohsiung City,NA,Aug-08,2003,NA,Dec-12,2003,NA,FALSE,NA,NA,FALSE,FALSE,18,SARS-CoV,NA,1,0
TRUE,1408,Anna Vi,7,Seroprevalence - IFA,0.19,0,Percentage (%),0,0.49,Unspecified,NA,NA,0.02,0.7,CI95%,2,1030,NA,NA,NA,FALSE,NA,NA,FALSE,FALSE,Post outbreak,NA,NA,Age,TRUE,FALSE,NA,NA,NA,NA,NA,Both,Community based,General population,NA,NA,2854,Taiwan; China,San-Ming district of Kaoohsiung City,NA,Aug-08,2003,NA,Dec-12,2003,NA,FALSE,NA,NA,FALSE,FALSE,19,SARS-CoV,NA,1,0
TRUE,1510,Ettie Unwin,1,Seroprevalence - IgG,0.14,0,Percentage (%),NA,NA,NA,NA,NA,NA,NA,NA,,1453,NA,NA,NA,FALSE,NA,NA,FALSE,FALSE,NA,NA,NA,NA,FALSE,FALSE,NA,NA,NA,NA,NA,Unspecified,Mixed settings,General population,NA,NA,1453,China;Hong Kong SAR; China,Guangdong Province; Hongkong; Macao; Peking; Guangzhou,NA,Jun-06,2003,NA,Jun-06,2003,NA,FALSE,NA,NA,FALSE,FALSE,1,SARS-CoV,NA,1,0
TRUE,1510,Sequoia,3,Seroprevalence - IgG,NA,0,Percentage (%),39.8,100,Unspecified,NA,NA,NA,NA,NA,NA,NA,NA,NA,NA,FALSE,NA,NA,FALSE,FALSE,NA,NA,NA,Time,FALSE,TRUE,NA,NA,NA,NA,NA,Unspecified,Hospital based,Other,NA,NA,NA,China,Guangzhou and Peking,NA,Feb-02,2003,NA,Mar-03,2003,NA,FALSE,NA,NA,FALSE,FALSE,2,SARS-CoV,NA,1,0
TRUE,1510,Sequoia,3,Seroprevalence - IFA,NA,0,Percentage (%),34.8,100,Unspecified,NA,NA,NA,NA,NA,NA,NA,NA,NA,NA,FALSE,NA,NA,FALSE,FALSE,NA,NA,NA,Time,FALSE,TRUE,NA,NA,NA,NA,NA,Unspecified,Hospital based,Other,NA,NA,NA,China,Guangzhou and Peking,NA,Feb-02,2003,NA,Mar-03,2003,NA,FALSE,NA,NA,FALSE,FALSE,1,SARS-CoV,NA,1,0
TRUE,1530,Ettie Unwin,2,Secondary attack rate,NA,0,Percentage (%),18.5,66.7,NA,NA,NA,NA,NA,NA,NA,NA,NA,NA,NA,FALSE,NA,NA,FALSE,FALSE,NA,NA,NA,Other,TRUE,TRUE,NA,NA,NA,NA,NA,Unspecified,Contact based,Persons under investigation,NA,NA,77,China,Beijing,5,Feb-02,2003,4,May-05,2003,NA,FALSE,NA,NA,FALSE,FALSE,5,SARS-CoV,NA,1,0
TRUE,1530,Ettie Unwin,2,Severity - case fatality rate (CFR),20,0,Percentage (%),18,23,NA,NA,NA,NA,NA,NA,NA,NA,NA,NA,NA,FALSE,NA,NA,FALSE,FALSE,NA,Unspecified,NA,Disease generation,TRUE,FALSE,NA,NA,NA,NA,NA,Unspecified,Hospital based,Persons under investigation,NA,NA,77,China,Beijing,5,Feb-02,2003,4,May-05,2003,NA,FALSE,NA,NA,FALSE,FALSE,6,SARS-CoV,NA,1,0
TRUE,1530,Tristan Naidoo,7,Human delay - incubation period,5.7,0,Days,NA,NA,Mean,NA,NA,NA,NA,NA,NA,NA,NA,NA,NA,FALSE,NA,NA,FALSE,FALSE,Unspecified,NA,NA,NA,FALSE,FALSE,NA,Close contact,NA,NA,NA,Unspecified,Hospital based,Persons under investigation,NA,NA,33,China,Beijing,5,Feb-02,2003,4,May-05,2003,NA,FALSE,NA,NA,FALSE,FALSE,35,SARS-CoV,NA,1,0
TRUE,1530,Tristan Naidoo,7,Risk factors,NA,0,NA,NA,NA,NA,NA,NA,NA,NA,NA,NA,NA,NA,NA,NA,FALSE,NA,NA,FALSE,FALSE,Unspecified,NA,NA,Disease generation,FALSE,FALSE,Death,Age;Other,NA,Significant,Not adjusted,Unspecified,Hospital based,Persons under investigation,NA,NA,77,China,Beijing,5,Feb-02,2003,4,May-05,2003,NA,FALSE,NA,NA,FALSE,FALSE,32,SARS-CoV,NA,1,0
TRUE,1530,Tristan Naidoo,7,Risk factors,NA,0,NA,NA,NA,NA,NA,NA,NA,NA,NA,NA,NA,NA,NA,NA,FALSE,NA,NA,FALSE,FALSE,Unspecified,NA,NA,NA,FALSE,FALSE,Superspreading,Sex,NA,Not significant,Not adjusted,Unspecified,Hospital based,Persons under investigation,NA,NA,77,China,Beijing,5,Feb-02,2003,4,May-05,2003,NA,FALSE,NA,NA,FALSE,FALSE,33,SARS-CoV,NA,1,0
TRUE,1530,Tristan Naidoo,7,Risk factors,NA,0,NA,NA,NA,NA,NA,NA,NA,NA,NA,NA,NA,NA,NA,NA,FALSE,NA,NA,FALSE,FALSE,Unspecified,NA,NA,NA,FALSE,FALSE,Superspreading,Close contact,NA,Significant,Not adjusted,Unspecified,Hospital based,Persons under investigation,NA,NA,77,China,Beijing,5,Feb-02,2003,4,May-05,2003,NA,FALSE,NA,NA,FALSE,FALSE,34,SARS-CoV,NA,1,0
TRUE,1582,Dominic Dee,7,Risk factors,NA,0,NA,NA,NA,NA,NA,NA,NA,NA,NA,NA,NA,NA,NA,NA,FALSE,NA,NA,FALSE,FALSE,NA,NA,NA,NA,FALSE,FALSE,Infection,Other,NA,Significant,Adjusted,Both,Hospital based,Healthcare workers,NA,NA,254,Hong Kong SAR; China,Hong Kong hospitals,15,Mar-03,2003,24,Mar-03,2003,NA,FALSE,NA,NA,FALSE,FALSE,22,SARS-CoV,NA,1,0
TRUE,1641,Dominic Dee,8,Severity - case fatality rate (CFR),0,0,Percentage (%),NA,NA,NA,NA,NA,NA,NA,NA,0,398,NA,NA,NA,FALSE,NA,NA,FALSE,FALSE,NA,Naive,NA,NA,FALSE,FALSE,NA,NA,NA,NA,NA,Both,Population based,Persons under investigation,0,91,398,United States,United States (national surveillance),17,Mar-03,2003,30,Jul-07,2003,NA,FALSE,NA,NA,FALSE,FALSE,25,SARS-CoV,NA,1,0
TRUE,1641,Sangeeta,3,Human delay - time in care (length of stay),3,0,Days,NA,NA,Median,NA,NA,1,14,Range,NA,NA,NA,NA,NA,FALSE,NA,NA,FALSE,FALSE,NA,NA,NA,NA,FALSE,FALSE,NA,NA,NA,NA,NA,Unspecified,Population based,Persons under investigation,NA,NA,90,United States,United States (national surveillance),17,Mar-03,2003,30,Jul-07,2003,NA,FALSE,NA,NA,FALSE,FALSE,2,SARS-CoV,NA,1,0
TRUE,1672,Thom Rawson,9,Reproduction number (Basic R0),4.587436164,0,No units,NA,NA,NA,NA,NA,NA,NA,NA,NA,NA,NA,NA,NA,FALSE,NA,NA,FALSE,FALSE,Start outbreak,NA,Next generation matrix,NA,FALSE,FALSE,NA,NA,NA,NA,NA,Unspecified,Population based,General population,NA,NA,NA,Canada;Hong Kong SAR; China,Toronto; Hong Kong,NA,NA,NA,NA,NA,NA,NA,FALSE,NA,NA,FALSE,FALSE,28,SARS-CoV,Human-human,1,0
TRUE,1778,Anne,1,Mutations – mutation rate,8,-6,Unspecified,NA,NA,Unspecified,NA,NA,NA,NA,NA,NA,NA,NA,NA,NA,FALSE,NA,NA,FALSE,FALSE,NA,NA,NA,NA,FALSE,FALSE,NA,NA,NA,NA,NA,NA,NA,NA,NA,NA,NA,China,Guangzhou,NA,NA,2003,NA,NA,2004,Synonymous; multiple sites comprising 91.25% of whole genome,TRUE,NA,NA,FALSE,FALSE,1,SARS-CoV,NA,1,0
TRUE,1929,Christian,10,Reproduction number (Basic R0),2.7,0,No units,2.7,3.4,Unspecified,NA,NA,2.2,3.7,CI95%,NA,NA,NA,NA,NA,FALSE,NA,NA,FALSE,FALSE,Start outbreak,NA,Compartmental model,NA,FALSE,FALSE,NA,NA,NA,NA,NA,NA,Mixed settings,Mixed groups,NA,NA,1512,Hong Kong SAR; China,Hong Kong,3,Mar-03,2003,6,May-05,2003,NA,FALSE,NA,NA,FALSE,FALSE,41,SARS-CoV,Human-human,1,0
TRUE,1929,Christian,10,Reproduction number (Effective; Re),NA,0,No units,0.14,1,Unspecified,NA,NA,NA,NA,NA,NA,NA,NA,NA,NA,FALSE,NA,NA,FALSE,FALSE,NA,NA,NA,Time,TRUE,TRUE,NA,NA,NA,NA,NA,NA,Mixed settings,Mixed groups,NA,NA,1512,Hong Kong SAR; China,Hong Kong,3,Mar-03,2003,6,May-05,2003,NA,FALSE,NA,NA,FALSE,FALSE,42,SARS-CoV,NA,1,0
TRUE,1929,Christian,10,beta - per capita contact rate per unit of time,0.062,0,Unspecified,NA,NA,Other,NA,NA,NA,NA,NA,NA,NA,NA,NA,NA,FALSE,NA,NA,FALSE,TRUE,Start outbreak,NA,NA,NA,FALSE,FALSE,NA,NA,NA,NA,NA,NA,Mixed settings,Mixed groups,NA,NA,1512,Hong Kong SAR; China,Hong Kong,3,Mar-03,2003,6,May-05,2003,NA,FALSE,NA,NA,FALSE,FALSE,43,SARS-CoV,NA,1,0
TRUE,1929,Anne,3,Human delay - generation time,10.6,0,Days,NA,NA,Other,NA,NA,NA,NA,NA,NA,NA,NA,NA,NA,FALSE,NA,NA,FALSE,FALSE,NA,NA,NA,NA,FALSE,FALSE,NA,NA,NA,NA,NA,NA,Mixed settings,Mixed groups,NA,NA,1512,Hong Kong SAR; China,Hong Kong,3,Mar-03,2003,6,May-05,2003,NA,FALSE,NA,NA,FALSE,FALSE,6,SARS-CoV,NA,1,0
TRUE,1929,Christian,10,Overdispersion,331,0,Max. nr. of cases superspreading (related to case),NA,NA,Other,NA,NA,295,331,CI95%,NA,NA,NA,NA,NA,FALSE,NA,NA,FALSE,TRUE,Mid outbreak,NA,NA,NA,FALSE,FALSE,NA,NA,NA,NA,NA,NA,Housing estate based,NA,NA,NA,331,Hong Kong SAR; China,Amoy Gardens,18,Mar-03,2003,20,Mar-03,2003,NA,FALSE,NA,NA,FALSE,FALSE,46,SARS-CoV,NA,1,0
TRUE,1929,Anne,3,Risk factors,NA,0,NA,NA,NA,NA,NA,NA,NA,NA,NA,NA,NA,NA,NA,NA,FALSE,NA,NA,FALSE,FALSE,NA,NA,NA,NA,FALSE,FALSE,Other,Hospitalisation,NA,Unspecified,Unspecified,NA,Mixed settings,Mixed groups,NA,NA,1512,Hong Kong SAR; China,Hong Kong,3,Mar-03,2003,6,May-05,2003,NA,FALSE,NA,NA,FALSE,FALSE,3,SARS-CoV,NA,1,0
TRUE,1954,Anne,4,Secondary attack rate,18.7,0,Percentage (%),0,100,Unspecified,NA,NA,NA,NA,NA,NA,NA,NA,NA,NA,FALSE,NA,NA,FALSE,FALSE,Mid outbreak,NA,NA,Occupation,FALSE,FALSE,NA,NA,NA,NA,NA,Unspecified,Hospital based,Healthcare workers,NA,NA,193,Vietnam,Hanoi,26,Feb-02,2003,24,Mar-03,2003,NA,FALSE,NA,NA,FALSE,FALSE,8,SARS-CoV,NA,1,0
TRUE,1954,Christian,9,Severity - case fatality rate (CFR),NA,0,Percentage (%),22,50,Unspecified,NA,NA,NA,NA,NA,NA,NA,NA,NA,NA,FALSE,NA,NA,FALSE,FALSE,Mid outbreak,Unspecified,NA,Occupation,FALSE,TRUE,NA,NA,NA,NA,NA,Unspecified,Hospital based,Healthcare workers,NA,NA,NA,Vietnam,Hanoi,26,Feb-02,2003,24,Mar-03,2003,NA,FALSE,NA,NA,FALSE,FALSE,37,SARS-CoV,NA,1,0
TRUE,1954,Christian,9,Seroprevalence - Unspecified,29,0,Percentage (%),0,100,Unspecified,NA,NA,NA,NA,NA,36,124,NA,NA,NA,FALSE,NA,NA,FALSE,FALSE,Mid outbreak,NA,NA,Occupation,TRUE,FALSE,NA,NA,NA,NA,NA,Unspecified,Hospital based,Healthcare workers,NA,NA,124,Vietnam,Hanoi,26,Feb-02,2003,24,Mar-03,2003,NA,FALSE,NA,NA,FALSE,FALSE,38,SARS-CoV,NA,1,0
TRUE,1954,Anne,4,Risk factors,NA,0,NA,NA,NA,NA,NA,NA,NA,NA,NA,NA,NA,NA,NA,NA,FALSE,NA,NA,FALSE,FALSE,Mid outbreak,NA,NA,NA,FALSE,FALSE,Infection,Close contact;Occupation,Healthcare;Other,Not significant,Not adjusted,Unspecified,Hospital based,Healthcare workers,NA,NA,193,Vietnam,Hanoi,26,Feb-02,2003,24,Mar-03,2003,NA,FALSE,NA,NA,FALSE,FALSE,11,SARS-CoV,NA,1,0
TRUE,1954,Christian,9,Risk factors,NA,0,NA,NA,NA,NA,NA,NA,NA,NA,NA,NA,NA,NA,NA,NA,FALSE,NA,NA,FALSE,FALSE,Mid outbreak,NA,NA,NA,FALSE,FALSE,Infection,Close contact;Occupation;Other,Healthcare;Other,Significant,Not adjusted,Unspecified,Hospital based,Healthcare workers,NA,NA,193,Vietnam,Hanoi,26,Feb-02,2003,24,Mar-03,2003,NA,FALSE,NA,NA,FALSE,FALSE,40,SARS-CoV,NA,1,0
TRUE,2006,Christian,5,Attack rate,0.7,0,Percentage (%),NA,NA,NA,NA,NA,0.54,0.9,CI95%,NA,NA,NA,NA,NA,FALSE,NA,NA,FALSE,FALSE,Unspecified,NA,NA,NA,FALSE,FALSE,NA,NA,NA,NA,NA,Both,Population based,General population,NA,NA,8662,Canada,Greater Toronto Area,23,Feb-02,2003,2,Jul-07,2003,NA,FALSE,NA,NA,FALSE,FALSE,20,SARS-CoV,NA,1,0
TRUE,2006,Christian,5,Attack rate,NA,0,Percentage (%),0.42,1.68,NA,NA,NA,NA,NA,NA,NA,NA,NA,NA,NA,FALSE,NA,NA,FALSE,FALSE,Unspecified,NA,NA,Age,TRUE,TRUE,NA,NA,NA,NA,NA,Both,Population based,General population,NA,NA,8662,Canada,Greater Toronto Area,23,Feb-02,2003,2,Jul-07,2003,NA,FALSE,NA,NA,FALSE,FALSE,21,SARS-CoV,NA,1,0
TRUE,2006,Christian,5,Attack rate,NA,0,Percentage (%),0,10.36,NA,NA,NA,NA,NA,NA,NA,NA,NA,NA,NA,FALSE,NA,NA,FALSE,FALSE,Unspecified,NA,NA,Level of exposure,TRUE,TRUE,NA,NA,NA,NA,NA,Both,Population based,General population,NA,NA,8662,Canada,Greater Toronto Area,23,Feb-02,2003,2,Jul-07,2003,NA,FALSE,NA,NA,FALSE,FALSE,22,SARS-CoV,NA,1,0
TRUE,2006,Christian,5,Attack rate,NA,0,Percentage (%),0.68,0.72,NA,NA,NA,NA,NA,NA,NA,NA,NA,NA,NA,FALSE,NA,NA,FALSE,FALSE,Unspecified,NA,NA,Sex,TRUE,TRUE,NA,NA,NA,NA,NA,Both,Population based,General population,NA,NA,8662,Canada,Greater Toronto Area,23,Feb-02,2003,2,Jul-07,2003,NA,FALSE,NA,NA,FALSE,FALSE,23,SARS-CoV,NA,1,0
TRUE,2006,Christian,5,Attack rate,NA,0,Percentage (%),0.39,2.45,NA,NA,NA,NA,NA,NA,NA,NA,NA,NA,NA,FALSE,NA,NA,FALSE,FALSE,Unspecified,NA,NA,Other,TRUE,TRUE,NA,NA,NA,NA,NA,Both,Population based,General population,NA,NA,8662,Canada,Greater Toronto Area,23,Feb-02,2003,2,Jul-07,2003,NA,FALSE,NA,NA,FALSE,FALSE,24,SARS-CoV,NA,1,0
TRUE,2006,Christian,5,Attack rate,NA,0,Percentage (%),0.25,0.88,NA,NA,NA,NA,NA,NA,NA,NA,NA,NA,NA,FALSE,NA,NA,FALSE,FALSE,Unspecified,NA,NA,Time,TRUE,TRUE,NA,NA,NA,NA,NA,Both,Population based,General population,NA,NA,8662,Canada,Greater Toronto Area,23,Feb-02,2003,2,Jul-07,2003,NA,FALSE,NA,NA,FALSE,FALSE,25,SARS-CoV,NA,1,0
TRUE,2006,Christian,5,Risk factors,NA,0,NA,NA,NA,NA,NA,NA,NA,NA,NA,NA,NA,NA,NA,NA,FALSE,NA,NA,FALSE,FALSE,Unspecified,NA,NA,NA,FALSE,FALSE,Infection,Close contact;Other,NA,Significant,Adjusted,Both,Population based,General population,NA,NA,8662,Canada,Greater Toronto Area,23,Feb-02,2003,2,Jul-07,2003,NA,FALSE,NA,NA,FALSE,FALSE,26,SARS-CoV,NA,1,0
TRUE,2006,Christian,5,Risk factors,NA,0,NA,NA,NA,NA,NA,NA,NA,NA,NA,NA,NA,NA,NA,NA,FALSE,NA,NA,FALSE,FALSE,Unspecified,NA,NA,NA,FALSE,FALSE,Infection,Age;Sex,NA,Not significant,Adjusted,Both,Population based,General population,NA,NA,8662,Canada,Greater Toronto Area,23,Feb-02,2003,2,Jul-07,2003,NA,FALSE,NA,NA,FALSE,FALSE,27,SARS-CoV,NA,1,0
TRUE,2043,Thom Rawson,7,Risk factors,NA,0,NA,NA,NA,NA,NA,NA,NA,NA,NA,NA,NA,NA,NA,NA,FALSE,NA,NA,FALSE,FALSE,Mid outbreak,NA,NA,NA,FALSE,FALSE,Infection,Other,Healthcare,Significant,Not adjusted,Both,Hospital based,Healthcare workers,NA,NA,624,Canada,Toronto,5,Mar-03,2003,12,Jun-06,2003,NA,FALSE,NA,NA,FALSE,FALSE,20,SARS-CoV,NA,1,0
TRUE,2043,Thom Rawson,7,Risk factors,NA,0,NA,NA,NA,NA,NA,NA,NA,NA,NA,NA,NA,NA,NA,NA,FALSE,NA,NA,FALSE,FALSE,Mid outbreak,NA,NA,NA,FALSE,FALSE,Infection,Age;Cormobidity;Other;Sex,Healthcare,Not significant,Not adjusted,Both,Hospital based,Healthcare workers,NA,NA,624,Canada,Toronto,5,Mar-03,2003,12,Jun-06,2003,NA,FALSE,NA,NA,FALSE,FALSE,21,SARS-CoV,NA,1,0
TRUE,2043,Thom Rawson,7,Risk factors,NA,0,NA,NA,NA,NA,NA,NA,NA,NA,NA,NA,NA,NA,NA,NA,FALSE,NA,NA,FALSE,FALSE,Mid outbreak,NA,NA,NA,FALSE,FALSE,Infection,Other,Healthcare,Significant,Adjusted,Both,Hospital based,Healthcare workers,NA,NA,624,Canada,Toronto,5,Mar-03,2003,12,Jun-06,2003,NA,FALSE,NA,NA,FALSE,FALSE,22,SARS-CoV,NA,1,0
TRUE,2083,Anne,5,Seroprevalence - IgG,NA,0,Percentage (%),3,6.1,Unspecified,NA,NA,NA,NA,NA,NA,NA,NA,NA,NA,FALSE,NA,NA,FALSE,FALSE,Mid outbreak,NA,NA,Age;Occupation;Symptoms,FALSE,TRUE,NA,NA,NA,NA,NA,Unspecified,Mixed settings,Mixed groups,NA,NA,NA,Hong Kong SAR; China,NA,NA,Mar-03,2003,NA,May-05,2003,NA,FALSE,NA,NA,FALSE,FALSE,14,SARS-CoV,NA,1,0
TRUE,2083,Anne,5,Seroprevalence - Unspecified,0.8,0,Percentage (%),NA,NA,Unspecified,NA,NA,NA,NA,NA,NA,NA,NA,NA,NA,FALSE,NA,NA,FALSE,FALSE,Mid outbreak,NA,NA,Age;Occupation;Symptoms,FALSE,TRUE,NA,NA,NA,NA,NA,Unspecified,Mixed settings,Mixed groups,NA,NA,NA,Hong Kong SAR; China,NA,NA,Mar-03,2003,NA,May-05,2003,NA,FALSE,NA,NA,FALSE,FALSE,15,SARS-CoV,NA,1,0
TRUE,2089,Anne,6,Severity - case fatality rate (CFR),15,0,Percentage (%),NA,NA,NA,NA,NA,NA,NA,NA,8,NA,NA,NA,NA,FALSE,NA,NA,FALSE,FALSE,Unspecified,Naive,NA,NA,FALSE,FALSE,NA,NA,NA,NA,NA,Both,Hospital based,Persons under investigation,NA,NA,NA,Taiwan; China,Taipei Veterans General Hospital,26,Mar-03,2003,25,May-05,2003,NA,FALSE,NA,NA,FALSE,FALSE,16,SARS-CoV,NA,1,0
TRUE,2089,Anne,6,Severity - case fatality rate (CFR),47,0,Percentage (%),NA,NA,NA,NA,NA,NA,NA,NA,8,NA,NA,NA,NA,FALSE,NA,NA,FALSE,FALSE,Unspecified,Naive,NA,NA,FALSE,FALSE,NA,NA,NA,NA,NA,Both,Hospital based,Persons under investigation,NA,NA,NA,Taiwan; China,Taipei Veterans General Hospital,26,Mar-03,2003,25,May-05,2003,NA,FALSE,NA,NA,FALSE,FALSE,17,SARS-CoV,NA,1,0
TRUE,2089,Christian,4,Human delay - admission to care>death,6,0,Days,1,30,Median,NA,NA,NA,NA,NA,NA,NA,NA,NA,NA,FALSE,NA,NA,FALSE,FALSE,Unspecified,NA,NA,NA,FALSE,FALSE,NA,NA,NA,NA,NA,Both,Hospital based,Persons under investigation,29,76,8,Taiwan; China,Taipei Veterans General Hospital,26,Mar-03,2003,25,May-05,2003,NA,FALSE,NA,NA,FALSE,FALSE,17,SARS-CoV,NA,1,0
TRUE,2089,Christian,4,Risk factors,NA,0,NA,NA,NA,NA,NA,NA,NA,NA,NA,NA,NA,NA,NA,NA,FALSE,NA,NA,FALSE,FALSE,Unspecified,NA,NA,NA,FALSE,FALSE,Death,Cormobidity;Other,NA,Unspecified,Unspecified,Both,Hospital based,Persons under investigation,29,76,8,Taiwan; China,Taipei Veterans General Hospital,26,Mar-03,2003,25,May-05,2003,NA,FALSE,NA,NA,FALSE,FALSE,19,SARS-CoV,NA,1,0
TRUE,2099,Ettie Unwin,4,Risk factors,NA,0,NA,NA,NA,NA,NA,NA,NA,NA,NA,NA,NA,NA,NA,NA,FALSE,NA,NA,FALSE,FALSE,Post outbreak,NA,NA,NA,FALSE,FALSE,Infection,Other,NA,Not significant,Not adjusted,Both,Hospital based,Healthcare workers,NA,NA,47,Hong Kong SAR; China,Prince of Wales Hospital,4,Mar-03,2003,10,Mar-03,2003,NA,FALSE,NA,NA,FALSE,FALSE,12,SARS-CoV,NA,1,0
TRUE,2099,Ettie Unwin,4,Risk factors,NA,0,NA,NA,NA,NA,NA,NA,NA,NA,NA,NA,NA,NA,NA,NA,FALSE,NA,NA,FALSE,FALSE,Post outbreak,NA,NA,NA,FALSE,FALSE,Infection,Close contact,NA,Significant,Unspecified,Both,Hospital based,Healthcare workers,NA,NA,47,Hong Kong SAR; China,Prince of Wales Hospital,4,Mar-03,2003,10,Mar-03,2003,NA,FALSE,NA,NA,FALSE,FALSE,11,SARS-CoV,NA,1,0
TRUE,2099,Ettie Unwin,4,Attack rate,23.1,0,Percentage (%),5,37,NA,NA,NA,NA,NA,NA,NA,NA,NA,NA,NA,FALSE,NA,NA,FALSE,FALSE,Post outbreak,NA,NA,Other,TRUE,FALSE,NA,NA,NA,NA,NA,Both,Hospital based,Healthcare workers,NA,NA,65,Hong Kong SAR; China,Prince of Wales Hospital,4,Mar-03,2003,10,Mar-03,2003,NA,FALSE,NA,NA,FALSE,FALSE,13,SARS-CoV,NA,1,0
TRUE,2099,Sequoia,5,Seroprevalence - IgG,100,0,Percentage (%),NA,NA,NA,NA,NA,NA,NA,NA,NA,NA,NA,NA,NA,FALSE,NA,NA,FALSE,FALSE,Post outbreak,NA,NA,NA,FALSE,FALSE,NA,NA,NA,NA,NA,Both,Hospital based,Persons under investigation,NA,NA,15,Hong Kong SAR; China,Prince of Wales Hospital,4,Mar-03,2003,10,Mar-03,2003,NA,FALSE,NA,NA,FALSE,FALSE,7,SARS-CoV,NA,1,0
TRUE,2099,Ettie Unwin,4,Human delay - incubation period,3,0,Days,NA,NA,Median,NA,NA,2,6,Range,NA,NA,NA,NA,NA,FALSE,NA,NA,FALSE,FALSE,Post outbreak,NA,NA,NA,FALSE,FALSE,NA,NA,NA,NA,NA,Unspecified,Hospital based,Persons under investigation,NA,NA,11,Hong Kong SAR; China,Prince of Wales Hospital,4,Mar-03,2003,10,Mar-03,2003,NA,FALSE,NA,NA,FALSE,FALSE,10,SARS-CoV,NA,1,0
TRUE,2142,Christian,7,Secondary attack rate,19,0,Percentage (%),NA,NA,NA,NA,NA,NA,NA,NA,NA,NA,NA,NA,NA,FALSE,NA,NA,FALSE,FALSE,Unspecified,NA,NA,NA,FALSE,FALSE,NA,NA,NA,NA,NA,Unspecified,Hospital based,Healthcare workers,NA,NA,31,Canada,Greater Toronto Area,23,Mar-03,2003,NA,NA,NA,NA,FALSE,NA,NA,FALSE,FALSE,28,SARS-CoV,NA,1,0
TRUE,2142,Christian,7,Human delay - admission to care>discharge/recovery,19.5,0,Days,13,25,Median,NA,NA,NA,NA,NA,NA,NA,NA,NA,NA,FALSE,NA,NA,FALSE,FALSE,Unspecified,NA,NA,NA,FALSE,FALSE,NA,NA,NA,NA,NA,Unspecified,Hospital based,Healthcare workers,NA,NA,7,Canada,Greater Toronto Area,23,Mar-03,2003,NA,NA,NA,NA,FALSE,NA,NA,FALSE,FALSE,29,SARS-CoV,NA,1,0
TRUE,2142,Christian,7,Human delay - incubation period,5,0,Days,3,8,Median,NA,NA,1,15,Range,NA,NA,NA,NA,NA,FALSE,NA,NA,FALSE,FALSE,Unspecified,NA,NA,NA,FALSE,FALSE,NA,NA,NA,NA,NA,Unspecified,Hospital based,Healthcare workers,NA,NA,7,Canada,Greater Toronto Area,23,Mar-03,2003,NA,NA,NA,NA,FALSE,NA,NA,FALSE,FALSE,30,SARS-CoV,NA,1,0
TRUE,2142,Christian,7,Risk factors,NA,0,NA,NA,NA,NA,NA,NA,NA,NA,NA,NA,NA,NA,NA,NA,FALSE,NA,NA,FALSE,FALSE,Unspecified,NA,NA,NA,FALSE,FALSE,Infection,Close contact;Occupation,Healthcare,Significant,Unspecified,Unspecified,Hospital based,Healthcare workers,NA,NA,31,Canada,Greater Toronto Area,23,Mar-03,2003,NA,NA,NA,NA,FALSE,NA,NA,FALSE,FALSE,31,SARS-CoV,NA,1,0
TRUE,4837,Anna V,10,Reproduction number (Basic R0),NA,0,NA,2,4,Unspecified,NA,NA,NA,NA,NA,NA,NA,NA,NA,NA,FALSE,NA,NA,FALSE,FALSE,Unspecified,NA,Other,NA,FALSE,FALSE,NA,NA,NA,NA,NA,NA,NA,NA,NA,NA,NA,Hong Kong SAR; China,NA,NA,NA,NA,NA,NA,NA,NA,FALSE,NA,NA,FALSE,FALSE,22,SARS-CoV,NA,1,0
TRUE,4837,Anna V,10,Human delay - infectious period,NA,0,Days,5,10,Unspecified,NA,NA,NA,NA,NA,NA,NA,NA,NA,NA,FALSE,NA,NA,FALSE,FALSE,Unspecified,NA,Other,NA,FALSE,FALSE,NA,NA,NA,NA,NA,NA,NA,NA,NA,NA,NA,Hong Kong SAR; China,NA,NA,NA,NA,NA,NA,NA,NA,FALSE,NA,NA,FALSE,FALSE,23,SARS-CoV,NA,1,0
