Article_ID,Pathogen,Covidence_ID,FirstAauthor_Surname,Article_title,DOI,Journal,Year_publication,Volume,Issue,Page_first,Page_last,Name_data_entry,Paper_copy_only,Notes,FirstAuthor_FirstName,QA_M1,QA_M2,QA_A3,QA_A4,QA_D5,QA_D6,QA_D7,ID
36,Ebola virus,885,Constantinos,Forecasting and control policy assessment for the Ebola virus disease (EVD) epidemic in Sierra Leone using small-world networked model simulations,10.1136/bmjopen-2015-008649,BMJ Open,2016,6,1,8649,NA,Anne,0,fit to cumulative cases,Siettos,No,No,Yes,No,Yes,Yes,No,8bd5c61ba438cd614e99cedafb274100
35,Ebola virus,241,Joseph,"Ebola hemorrhagic fever associated with novel virus strain, Uganda, 2007-2008",10.3201/eid1607.091525,Emerg Infect Dis,2010,16,7,1087,1092,Anne,0,no Cis on CFRs,Wamala,Yes,No,NA,NA,Yes,Yes,Yes,413529ceff4f27388167d93cce00880c
37,Ebola virus,2548,Y,Evolutionary history of Ebola virus,10.1017/s0950268813002215,Epidemiol Infect,2014,142,6,1138,1145,Anne,0,,Li,Yes,Yes,Yes,Yes,Yes,Yes,Yes,933ac0ea6e7c75f1e4e08956fdb4ad0f
38,Ebola virus,6346,Bruce,Ebola virus disease in West Africa--the first 9 months of the epidemic and forward projections,10.1056/NEJMoa1411100,N Engl J Med,2014,371,16,1481,1495,Anne,0,"For parameter ID 89 this is delay from symptoms to WHO notification
For parameter ID 90 this is delay from WHO notification to hospital discharge
For parameter ID 91 this is delay from WHO notification to death
I did not extract the naïve CFRs only adj",Aylward,,,,,,,,50b526abcf6d51352b32f86d65d45831
19,Ebola virus,30,Wan,Transmission network of the 2014-2015 Ebola epidemic in Sierra Leone,10.1098/rsif.2015.0536,Journal of the Royal Society Interface,2015,12,112,NA,NA,Anne,0,,Yang,No,Yes,Yes,Yes,Yes,Yes,Yes,c45a3bab0d6baf5fab8ede23380d9313
22,Ebola virus,41,T,Clinical characteristics of 154 patients suspected of having Ebola virus disease in the Ebola holding center of Jui Government Hospital in Sierra Leone during the 2014 Ebola outbreak,10.1007/s10096-015-2457-z,Eur J Clin Microbiol Infect Dis,2015,34,10,2089,2095,Anne,0,,Yan,Yes,Yes,Yes,NA,No,NA,NA,a68d00d98b97643f1aad94dd95819346
25,Ebola virus,45,Dan,"Epidemiologic characteristics, clinical manifestations, and risk factors of 139 patients with Ebola virus disease in western Sierra Leone",10.1016/j.ajic.2016.04.216,Am J Infect Control,2016,44,11,1285,1290,Anne,0,,Yamin,Yes,Yes,Yes,Yes,Yes,Yes,Yes,5c3f1f8983cc71acabc2f358d829cf1c
30,Ebola virus,163,Kevin,Surviving Ebola: A historical cohort study of Ebola mortality and survival in Sierra Leone 2014-2015,10.1371/journal.pone.0209655,PLoS One,2018,13,12,209655,NA,Anne,0,,Wing,Yes,Yes,NA,NA,Yes,Yes,NA,5eb366c8f1eaeee671f6bf46f08230cc
1,Ebola virus,30,Wan,Transmission network of the 2014-2015 Ebola epidemic in Sierra Leone,10.1098/rsif.2015.0536,J R Soc Interface,2015,12,112,1,9,Christian,0,NA,Yang,No,Yes,Yes,Yes,Yes,Yes,Yes,d8adac7f97cf0368bd438bd915037458
4,Ebola virus,104,JY,Assessment of the severity of Ebola virus disease in Sierra Leone in 2014-2015,10.1017/s0950268815003003,Epidemiol Infect,2016,144,7,1473,1481,Christian,0,NA,Wong,Yes,Yes,Yes,Yes,Yes,Yes,Yes,296b0497450b795d0889bf85433f8263
5,Ebola virus,525,Florian,Exploring the contribution of exposure heterogeneity to the cessation of the 2014 Ebola epidemic,10.1371/journal.pone.0210638,PLOS One,2019,14,2,NA,NA,Christian,0,NA,Uekermann,No,No,No,No,No,No,No,595c8f4d51f67d727d7241813554d7a3
2,Ebola virus,57,Zhe,"Epidemiologic characteristics, clinical manifestations, and risk factors of 139 patients with Ebola virus disease in western Sierra Leone",10.1016/j.ajic.2016.04.216,Am J Infect Control,2016,44,11,1285,1290,Christian,0,NA,Xu,Yes,Yes,Yes,Yes,Yes,Yes,Yes,02738e0710033f7d20becf6be1405f18
3,Ebola virus,65,Zhi-Qiang,Modeling the transmission dynamics of Ebola virus disease in Liberia,10.1038/srep13857,Scientific Reports,2015,5,NA,13857,NA,Christian,0,NA,Xia,Yes,Yes,Yes,Yes,Yes,No,Yes,0ca1bc6991f7ae9aae8a05cc491d2f3a
7,Ebola virus,754,Xiang-Sheng,Ebola outbreak in West Africa: real-time estimation and multiple-wave prediction,10.3934/mbe.2015.12.1055,Mathematical Biosciences and Engineering,2015,12,5,1055,1063,Christian,0,NA,Wang,Yes,No,Yes,Yes,Yes,No,No,2590960edab4a461dcdbabe3ad1fdcc7
3,Ebola virus,NA,Anuwat,A one-year effective reproduction number of the 2014–2015 Ebola outbreaks in the widespread West African countries and quantitative evaluation of air travel restriction measure,10.1016/j.tmaid.2016.06.011,Travel Medicine and Infectious Disease,2016,14,5,481,488,Cyril,0,,Wiratsudakul,Yes,Yes,Yes,Yes,Yes,Yes,Yes,a312c35a5ecc640264aa6cf5494379d3
4,Ebola virus,757,Xiaojing,Evaluations of Interventions Using Mathematical Models with Exponential and Non-exponential Distributions for Disease Stages: The Case of Ebola,10.1007/s11538-017-0324-z,Bulletin of Mathematical Biology,2017,79,9,2149,2173,Cyril,0,Mathematical Model Only,Wang,Yes,Yes,Yes,Yes,Yes,Yes,Yes,a43fee5b36a3a27c571481a3fd6f44b1
1,Ebola virus,57,Zhe,"Epidemiologic characteristics, clinical manifestations, and risk factors of 139 patients with Ebola virus disease in western Sierra Leone",10.1016/j.ajic.2016.04.216,American Journal of Infection Control,2016,44,11,1285,1290,Dariya Nikitin,0,,Xu,Yes,Yes,Yes,Yes,Yes,Yes,NA,8f0eabb10074ccb59c7ed72b514c94a8
4,Ebola virus,865,Tanja,Insights into the early epidemic spread of ebola in sierra leone provided by viral sequence data,10.1371/currents.outbreaks.02bc6d927ecee7bbd33532ec8ba6a25f,PLoS Currents,2014,6,NA,NA,NA,Dariya Nikitin,0,"Authors calculated outputs with 5 different models, each with either fixed R0 or varied, the outputs of the model they deemed to be the 'best' are reported here. The rest in tables 1-2.
Authors have made their oftware methods available on github.",Stadler,Yes,Yes,Yes,Yes,Yes,Yes,Yes,e4ba095a1f2e6fced7e8f7d3a56a5e09
5,Ebola virus,206,Richard A,Projected treatment capacity needs in sierra leone,10.1371/currents.outbreaks.3c3477556808e44cf41d2511b21dc29f,PLoS Currents,2015,7,NA,NA,NA,Dariya Nikitin,0,,White,Yes,Yes,Yes,Yes,Yes,Yes,No,dcc8034afa56677baa75061e89127002
2,Ebola virus,159,Anuwat,"A one-year effective reproduction number of the 2014-2015 Ebola outbreaks in the widespread West African countries and quantitative evaluation of air travel restriction measure
of the 2014e2015 Ebola outbreaks in the
widespread West African countries and
quantitative evaluation of air travel
A one-year effective reproduction number of the 2014-2015 Ebola outbreaks in the widespread West African countries and quantitative evaluation of air travel restriction measure",10.1016/j.tmaid.2016.06.011,Travel Medicine and Infectious Disease,2016,14,5,481,488,Dariya Nikitin,0,"Growth rate estimated from growth of infectious compartment, RT estimate validated with SIR model",Wiratsudakul,Yes,Yes,Yes,Yes,Yes,Yes,Yes,94bebd9806810c448f8b5a4ad72d91eb
3,Ebola virus,163,Kevin,Surviving Ebola: A historical cohort study of Ebola mortality and survival in Sierra Leone 2014-2015,10.1371/journal.pone.0209655,PLoS One,2018,13,12,NA,NA,Dariya Nikitin,0,"Examinded risk factors for mortality comparing deaths and survivors, and examined risk factors for developing post-viral symptoms in survivors but did not compare this to background symptoms experienced by the local general population",Wing,Yes,Yes,Yes,Yes,Yes,Yes,No,c63555b48166412ee45a08202635bcfc
6,Ebola virus,199,Shannon L.M.,Active Ebola Virus Replication and Heterogeneous Evolutionary Rates in EVD Survivors,10.1016/j.celrep.2018.01.008,Cell Reports,2018,22,5,1159,1168,Dariya Nikitin,0,"Genomes acquired from clinical specimens were deposited into 48 Genbank: KY401638-KY401675, KY805810-2. Mean evolution rate is disaggregated by survivor sampled, and also by stage of infection (acute vs convalescence) and can be found in the supp.


).",Whitmer,Yes,Yes,Yes,Yes,Yes,Yes,Yes,98b861ee3704ef5010e243a991dc8b7e
36,Ebola virus,315,John E.,The potential for sexual transmission to compromise control of Ebola virus outbreaks,10.1098/rsbl.2015.1079,Biology Letters,2016,12,6,NA,NA,Ettie Unwin,0,,Vinson,Yes,Yes,Yes,Yes,No,No,No,1cea65b91b0a16e90c7107f9cddb7c65
39,Ebola virus,547,Ashleigh R.,"The IDEA model: A single equation approach to the Ebola forecasting
challenge",10.1016/j.epidem.2016.09.001,Epidemics,2018,22,NA,71,77,Ettie Unwin,0,incidence decay with exponential adjustment (IDEA) model,Tuitea,Yes,Yes,Yes,Yes,Yes,NA,NA,907038815197614b3a8424795cef8496
34,Ebola virus,241,Joseph F.,"Ebola hemorrhagic fever associated with novel virus strain, Uganda, 2007-2008",10.3201/eid1607.091525,Emerging Infectious Diseases,2010,16,7,1087,1092,Ettie Unwin,0,"attack rate in the district was 43 cases/100,000 population. Unsure how to extract",Wamala,Yes,Yes,Yes,Yes,Yes,Yes,Yes,2f542467f121954aca412d6b3611ac6a
40,Ebola virus,1030,Oyewale,"Serologic Survey among Hospital and Health Center Workers during the Ebola
Hemorrhagic Fever Outbreak in Kikwit, Democratic Republic of the Congo,
1995",10.1086/514307,The Journal of Infectious Diseases,1991,179,NA,NA,NA,Ettie Unwin,0,Supplement 1 of journal S98-101,Tomori,Yes,Yes,Yes,Yes,Yes,Yes,Yes,d35f548d16c4b81ea234348477679747
41,Ebola virus,847,Tasha,"The impact of active surveillance and health education on an Ebola virus disease cluster - Kono District, Sierra Leone, 2014-2015",10.1186/s12879-016-1941-0,BMC Infectious Diseases,2016,16,NA,611,NA,Ettie Unwin,0,,Stehling-Ariza,Yes,Yes,No,No,Yes,No,No,1d03ff8bc670f4788b1669adb97d264b
38,Ebola virus,411,Joseph W.,"A Bayesian Belief Network Model Assessing the Risk
to Wastewater Workers of Contracting Ebola Virus
Disease During an Outbreak",10.1111/risa.12827,Risk Analysis,2018,38,2,376,391,Ettie Unwin,0,Bayesian Belief Network Model,Zabinski,Yes,Yes,Yes,Yes,No,NA,NA,0ccbff74cf3a7d72ae287eef81166b93
35,Ebola virus,291,Erik,Phylodynamic analysis of ebola virus in the 2014 sierra leone epidemic,10.1371/currents.outbreaks.6f7025f1271821d4c815385b08f5f80e,PLoS Currents,2014,6,NA,NA,NA,Ettie Unwin,0,Presents 4 values of R0 so only extract range.  Has uncertanity but don't extract as no central value selected,Volz,Yes,Yes,Yes,Yes,Yes,No,No,200fdf3f6789ea50836ffb01e57895a1
37,Ebola virus,404,Gul,"Optimal treatment of an SIR epidemic model with time delay
Optimal treatment of an SIR epidemic model with time delay
Optimal treatment of an SIR epidemic model with time delay
Optimal treatment of an SIR epidemic model with time delay",10.1016/j.biosystems.2009.05.006,BioSystems,2009,98,NA,43,50,Ettie Unwin,0,SIR with delay,Zaman,Yes,Yes,Yes,Yes,No,No,No,ad0f946538796c176ccd1e1a9d78213a
12,Ebola virus,65,Zhi-Qiang,Modeling the transmission dynamics of Ebola virus disease in Liberia,10.1038/srep13857,Scientific Reports,2015,5,NA,13857,NA,Ettie Unwin,0,,Xia,Yes,Yes,Yes,Yes,Yes,No,Yes,6a5f07ad2e6ccab269334839aa6409f4
16,Ebola virus,199,Shannon L.M.,Active Ebola Virus Replication and Heterogeneous Evolutionary Rates in EVD Survivors,10.1016/j.celrep.2018.01.008,Cell Reports,2018,22,5,1159,1168,Ettie Unwin,0,,Whitmer,Yes,Yes,Yes,Yes,No,No,No,2001d295af45802123715add1735f054
2,Ebola virus,2470,Luis,Modeling Importations and Exportations of Infectious Diseases via Travelers,10.1007/s11538-015-0135-z,Bull Math Bio,2016,NA,78,185,209,Gina,0,,Lopez,Yes,No,Yes,No,NA,NA,NA,2f24d21ff26a14c3c6e6ede26dfa8e45
3,Ebola virus,2497,Yang,"Serological Investigation of Laboratory-Confirmed and Suspected
Ebola Virus Disease Patients During the Late Phase of the Ebola
Outbreak in Sierra Leone",https://doi.org/10.1007/s12250-018-0044-z,Virologica Sinica,2018,NA,33,323,334,Gina,0,"Paper compares ELISA with Luminex. We discussed this in depth and I extracted as decided on as a group but we have lost a lot of information doing this. Paper states late phase but doesn't give dates of samples, just test dates",Liu,Yes,Yes,NA,NA,Yes,Yes,Yes,badd3d65e04d0891853b809a9c03bb82
4,Ebola virus,2462,Paul,"Development of a Prediction Model for Ebola Virus Disease: A Retrospective Study in Nzérékoré Ebola Treatment Center, Guinea",10.4269/ajtmh.16-0026,Am J Trop Med Hyg.,2016,95,6,1362,1367,Gina,0,CFR was an add-on result that was not explained,Loubet,No,No,No,No,No,No,No,6fdbf2879dee05969ce142484d200853
5,Ebola virus,2506,Wendi,"Model Selection and Evaluation Based on Emerging Infectious
Disease Data Sets including A/H1N1 and Ebola",http://dx.doi.org/10.1155/2015/207105,Computational and Mathematical Methods in Medicine,2015,2015,207105,NA,NA,Gina,0,,Liu,Yes,No,Yes,Yes,Yes,Yes,No,a8c019974ac5169b965e1bea15b256cd
6,Ebola virus,2532,Kim,"Decreased Ebola Transmission after Rapid Response to Outbreaks in Remote Areas, Liberia, 2014",10.3201/eid2110.150912,Emerging Infectious Diseases,2015,21,10,1800,1807,Gina,0,"The clinical serial interval was the number of days between dates of symptom onset of successive cases linked in a transmission chain. Incubation = median minimum. CFR by age, time and community vs ETU. Everything but CFR well explained. RF for survival",Lindblade,Yes,Yes,Yes,Yes,Yes,Yes,Yes,1061541c0fc0a6ac465afe4e49568afa
11,Ebola virus,18113,Luke,A retrospective cohort investigation of seroprevalence of Marburg virus and ebolaviruses in two different ecological zones in Uganda,https://doi.org/10.1186/s12879-020-05187-0,BMC Infectious Diseases,2020,20,461,NA,NA,Gina,0,,Nyakarahuka,Yes,Yes,Yes,Yes,Yes,Yes,Yes,bc32e9b6ac8d3bed60d68d5fca502053
12,Ebola virus,18372,Ravi,Model‑based evaluation of the impact of prophylactic vaccination applied to Ebola epidemics in Sierra Leone and Democratic Republic of Congo,https://doi.org/10.1186/s12879-022-07723-6,BMC Infectious Diseases,2022,22,769,NA,NA,Gina,0,The same authors published estimates of R0 and efficacy of vaccines (simpler model) for SL in #18371. More detailed methodology in supplement,Potluri,Yes,No,Yes,Yes,Yes,Yes,No,4e3667a1d4489aa9d60fb6737304ce7d
13,Ebola virus,18508,Mahbubul,Risk assessment of Ebola virus disease spreading in Uganda using a two-layer temporal network,https://doi.org/10.1038/s41598-019-52501-1,Scientific Reports,2019,9,16060,NA,NA,Gina,0,,Riad,Yes,Yes,Yes,Yes,NA,NA,NA,8b86465a271bde81f19bfbff7be62afb
9,Ebola virus,17939,Anuj,Analytical Estimation of Data-Motivated Time-Dependent Disease Transmission Rate: An Application to Ebola and Selected Public Health Problems,10.3390/tropicalmed6030141,Tropical Medicine and Infectious Disease,2021,6,141,NA,NA,Gina,0,Fitted transmission rate only (beta),Mubayi,Yes,No,No,No,NA,NA,NA,4bd3c8f97af6ba54103af4149e4abd55
10,Ebola virus,17981,Sena,Estimation of Ebola’s spillover infection exposure in Sierra Leone based on sociodemographic and economic factors,https://doi.org/10.1371/journal.pone.0271886,PLoS ONE,2022,17,9,NA,NA,Gina,0,Looked at risk factors for spillover - was more based on geography than individual level risk factors,Mursel,Yes,Yes,Yes,NA,Yes,Yes,Yes,f34e3f5a6705d35c0798bf92c4204f48
7,Ebola virus,2546,Zhong-Jie,"A practical community-based response
strategy to interrupt Ebola transmission in
sierra Leone, 2014–2015",10.1186/s40249-016-0167-0,Infectious Disease of Poverty,2016,5,74,NA,NA,Gina,0,,Li,Yes,Yes,Yes,Yes,Yes,Yes,Yes,6a7013336b27f1ac63381ddd7312acb1
8,Ebola virus,17881,Kenji,"Spatial variability in the reproduction number of Ebola virus disease, Democratic Republic of the Congo, January–September 2019",10.2807/1560-7917.Es.2019.24.42.1900588,Euro Surveillance,2019,24,42,NA,NA,Gina,0,CI for delay is unspecified width but is called a confidence interval,Mizumoto,Yes,Yes,Yes,Yes,Yes,Yes,Yes,558c1601269c5ed60a2b156fb2776697
14,Ebola virus,18601,Sima,Viral haemorrhagic fevers and malaria co‑infections among febrile patients seeking health care in Tanzania,https://doi.org/10.1186/s40249-022-00959-z,Infectious Disease of Poverty,2022,11,33,NA,NA,Gina,0,,Rugarabamu,Yes,Yes,NA,NA,Yes,Yes,No,31a0cf5b0f2a57ad8b0fe3367f3dbdb6
3,Ebola virus,3096,Daniel,"Ebola Virus Epidemiology, Transmission, and Evolution during Seven Months in Sierra Leone",10.1016/j.cell.2015.06.007,Cell,2015,161,7,1516,1526,Jack,0,The survey dates noted for evolution rate parameter are for the 232 newly sequenced genomes from this analysis,Park,Yes,Yes,Yes,Yes,Yes,Yes,Yes,d5148f02742ca85f9f03aa19f44c421d
1,Ebola virus,590,B.P.,Stochasticity and the limits to confidence when estimating R0 of Ebola and other emerging infectious diseases,10.1016/j.jtbi.2016.08.016,Journal of Theoretical Biology,2016,408,NA,145,154,Jack,0,"Not clear what period of case data they used.
Method described as 'hybrid deterministic stochastic'.",Taylor,Yes,Yes,Yes,No,No,No,No,c22bcd256de5bb2bf563e758dd6ebfa8
2,Ebola virus,454,S,Using data-driven agent-based models for forecasting emerging infectious diseases,10.1016/j.epidem.2017.02.010,Epidemics,2018,22,NA,43,49,Jack,0,Estimates of Reff included in supplementary but are based on simulated data from RAPIDD Ebola Forecasting Challenge so not extracted.,Venkatramanan,No,Yes,No,No,NA,NA,NA,ea6bf36e8acee2810c8ee59c36ee1dd4
2,Ebola virus,2548,YH,Evolutionary history of Ebola virus,10.1017/s0950268813002215,Epidemiol Infect,2014,142,6,1138,1145,Joseph,0,"Substitution rate also estimated for Reston strains, but I did not extract since that Ebola virus type was not included in drop down.",Li,Yes,Yes,Yes,Yes,Yes,No,Yes,712604aefad140d513f005e8a6fba400
1,Ebola virus,1044,JWS,Early transmission and case fatality of Ebola virus at the index site of the 2013-16 west African Ebola outbreak: a cross-sectional seroprevalence survey,10.1016/s1473-3099(18)30791-6,Lancet Infect Dis,2019,NA,NA,NA,NA,Joseph,0,,Timothy,Yes,Yes,NA,NA,Yes,No,Yes,dd4a7967299220853cc5f27d179f04fb
3,Ebola virus,483,Maria D.,A review of epidemiological parameters from Ebola outbreaks to inform early public health decision-making,10.1038/sdata.2015.19,Scientific Data,2015,2,NA,NA,NA,Kelly McCain,0,This is a review paper (very very similar to what we are trying to do!). I have excluded it.,Van Kerkhove,,,,,,,,2e760618b03240c5d430652c02a807ac
4,Ebola virus,505,Linda,Predicting Subnational Ebola Virus Disease Epidemic Dynamics from Sociodemographic Indicators,10.1371/journal.pone.0163544,PLoS ONE,2016,11,10,NA,NA,Kelly McCain,0,They fit multiple statistical models to time series case data with DHS variables as covariates and compared the fit of each model with growth rate as predicted by the different models as the outcome. Did not report values for any parameters - excluded,Valeri,Yes,No,Yes,No,Yes,Yes,No,1794e43c2b234026d571feb90e472bb1
5,Ebola virus,506,C.,"Network visualization for outbreak response: Mapping the Ebola Virus Disease (EVD) chains of transmission in N'Zerekore, Guinea",10.1016/j.jinf.2016.09.012,Journal of Infection,2017,74,NA,294,301,Kelly McCain,0,,Valencia,No,No,No,No,No,No,No,6bc1504d637ca312c1f366d1f4476683
6,Ebola virus,654,Yoshiyuki,The Origin and Evolution of Ebola and Marburg Viruses,,Molecular Biology and Evolution,1997,14,8,800,806,Kelly McCain,1,"They reported strains from the accession numbers, not the 4 main strains of Ebola.",Suzuki,Yes,Yes,Yes,Yes,Yes,Yes,Yes,a671622d80f9eaae815170958727e5fd
37,Ebola virus,676,Joshua S.,Modeling Post-death Transmission of Ebola: Challenges for Inference and Opportunities for Control,10.1038/srep08751,Scientific Reports,2015,5,8751,NA,NA,Kelly McCain,0,,Weitz,No,Yes,Yes,Yes,Yes,Yes,No,71cd7afc038fe338fb3b1ad431593cbe
39,Ebola virus,6346,WHO Ebola Response Team,Ebola Virus Disease in West Africa - The First 9 Months of the Epidemic and Forward Projections,10.1056/NEJMoa1411100,NEJM,2014,371,NA,1481,1495,Kelly McCain,0,Other for risk factors is general and hemorrhagic symptoms; other timepoint is symptom onset to WHO notification; also WHO notification to hostpial dicharge and to death,WHO Ebola Response Team,Yes,Yes,Yes,Yes,Yes,Yes,Yes,f3dd4ef34248ed7bb7b98ef668f5e836
6,Ebola virus,662,Thomas A.,"Determinants of patient survival during the 2014 Ebola Virus Disease outbreak in Bong County, Liberia",10.1186/s41256-016-0005-8,Global Health Research and Policy,2016,1,5,NA,NA,Patrick,0,NA,Weppelmann,Yes,Yes,Yes,Yes,Yes,Yes,No,6b00029b2e18108f6c45909539875758
4,Ebola virus,506,C.,"Network visualization for outbreak response: Mapping the Ebola Virus Disease (EVD) chains of transmission in N’Zerekore, Guinea",http://dx.doi.org/10.1016/j.jinf.2016.09.012,Journal of Infection,2017,74,3,294,301,Patrick,0,NA,Valencia,Yes,Yes,NA,NA,Yes,Yes,No,c1a23aa28f2dfc970dd6895302fec32b
1,Ebola virus,507,L. D.,Predicting the extinction of Ebola spreading in Liberia due to mitigation strategies,10.1038/srep12172,Scientific Reports,2015,5,12172,NA,NA,Patrick,0,NA,Valdez,No,Yes,Yes,Yes,Yes,No,No,c2aa756c551325a2c56a68f7dca92309
2,Ebola virus,525,Florian,Exploring the contribution of exposure heterogeneity to the cessation of the 2014 Ebola epidemic,https://doi.org/10.1371/journal.pone.0210638,PLOS One,2019,14,2,NA,NA,Patrick,0,NA,Uekermann,Yes,No,Yes,No,Yes,No,No,d7297511477eb427637b0d2337703c31
5,Ebola virus,509,Timothy M.,Clinical Management of Ebola Virus Disease in the United States and Europe,10.1056/NEJMoa1504874,The New England Journal of Medicine,2016,374,7,636,646,Patrick,0,NA,Uyeki,Yes,Yes,NA,NA,Yes,Yes,No,a0377bdada2a0a113fa8288bc12ab2b2
3,Ebola virus,206,RA,Projected Treatment Capacity Needs In Sierra Leone,10.1371/currents.outbreaks.3c3477556808e44cf41d2511b21dc29f,PLOS Current Outbreaks,2015,7,25685632,NA,NA,Patrick,0,NA,White,Yes,No,Yes,No,Yes,Yes,Yes,65b24a18a9eb4ca6f1f04f161bc6b08a
36,Ebola virus,885,Constantinos,Forecasting and control policy assessment for the Ebola virus disease (EVD) epidemic in Sierra Leone using small-world networked model simulations,10.1136/bmjopen-2015-008649,BMJ Open,2016,6,1,NA,NA,Rebecca Nash,0,Hybrid model: combines agent-based and compartmental.,Siettos,No,No,Yes,No,Yes,Yes,No,10102029284153a7de733d45d2e1bf63
38,Ebola virus,104,JY,Assessment of the severity of Ebola virus disease in Sierra Leone in 2014-2015,10.1017/s0950268815003003,Epidemiol Infect,2016,144,7,1473,1481,Rebecca Nash,0,CFR not adjusted,Wong,Yes,No,Yes,NA,Yes,Yes,No,da4fffea400482dc0942464ab13a5184
37,Ebola virus,1030,Oyewale,"Serologic survey among hospital and health center workers during the Ebola hemorrhagic fever outbreak in Kikwit, Democratic Republic of the Congo, 1995",10.1086/514307,J Infect Dis,1999,179,NA,NA,NA,Rebecca Nash,0,"Supplement 1 of volume 179 pages S98-101. Not extracted, but also looked at IgG seropositivity in 402 workers who did not meet EHF case definition - 12 were borderline positive, subsequent specimens from 4 of these tested negative.",Tomori,Yes,Yes,NA,NA,Yes,Yes,Yes,36e9323a538f2f116ddc49d4ec7007e3
7,Ebola virus,41,T,Clinical characteristics of 154 patients suspected of having Ebola virus disease in the Ebola holding center of Jui Government Hospital in Sierra Leone during the 2014 Ebola outbreak,10.1007/s10096-015-2457-z,Eur J Clin Microbiol Infect Dis,2015,34,10,2089,2095,Rebecca Nash,0,"Overall number enrolled 154, 108 with confirmed Ebola, 85 successfully followed up. Multivariate analysis showed that age, fever, and viral load were independent predictors of mortality. Disaggregated parameters by outcome (death or recovery).",Yan,Yes,Yes,Yes,NA,Yes,Yes,Yes,1a2b91eade206ac2cc205dc68ab37376
35,Ebola virus,654,Y,The origin and evolution of Ebola and Marburg viruses,10.1093/oxfordjournals.molbev.a025820,Mol Biol Evol,1997,14,8,800,806,Rebecca Nash,0,"Rate of non-synonymous substitutions, couldn't estimate for synonymous.",Suzuki,No,No,NA,NA,Yes,Yes,No,9458374e2bade96d346e3148f0fb14cc
9,Ebola virus,442,Cecile,A generalized-growth model to characterize the early ascending phase of infectious disease outbreaks,10.1016/j.epidem.2016.01.002,Epidemics,2016,15,NA,27,37,Rebecca Nash,0,Fit generalized growth model to the early epidemic growth phase for various diseases/data sets.,Viboud,Yes,Yes,Yes,Yes,Yes,Yes,Yes,e78034a656c4f332a40cd65eabc5cc81
40,Ebola virus,700,GF,A model of the Ebola epidemics in West Africa incorporating age of infection,10.1080/17513758.2015.1090632,J Biol Dyn,2016,10,NA,18,30,Rebecca Nash,0,,Webb,Yes,No,Yes,Yes,No,No,No,b666f676e28935208db332f23f9c82b1
8,Ebola virus,291,Erik,Phylodynamic analysis of ebola virus in the 2014 sierra leone epidemic,10.1371/currents.outbreaks.6f7025f1271821d4c815385b08f5f80e,PLoS Curr,2014,6,NA,NA,NA,Rebecca Nash,0,"R0 using 4 models, either ordinary differential equation (ODE) or stochastic DE (SDE): SDE SEIIR (5.3 day latent period), ODE SEIIR x2 (either 5.3 or 12.7 day latent period) and ODE SEIR (5.3 day latent period). SEIIR models account for superspreading.",Volz,Yes,Yes,Yes,Yes,Yes,Yes,Yes,c81815b4a582c4b97fb32685c73f1a0b
39,Ebola virus,448,Marie-Astrid,"Clinical, virological, and biological parameters associated with outcomes of Ebola virus infection in Macenta, Guinea",10.1172/jci.insight.88864,JCI Insight,2017,2,6,NA,NA,Rebecca Nash,0,Viral load at admission was significantly higher in fatal cases than survivors.,Vernet,Yes,Yes,NA,NA,Yes,No,NA,a9df1dae7e4cf96930cb1b37eec269b9
10,Ebola virus,509,Timothy,Clinical Management of Ebola Virus Disease in the United States and Europe,10.1056/NEJMoa1504874,N Engl J Med,2016,374,7,636,646,Rebecca Nash,0,Symp to hosp: 4 days (medically evacuated patients and patients with locally acquired cases); 2 days (imported cases). Symp to diag: 3 days (1-9). Symp to neg RTPCR (viremia): 17.5 (5-27). Symp to IgM: 10 (6-11). Symp to IgG: 11 (9-11),Uyeki,Yes,Yes,NA,NA,Yes,Yes,Yes,c7a0aebbe31c99f29ea2d5936a3b28ab
32,Ebola virus,562,Georgios,"Ebola management centre proximity associated with reduced delays of healthcare of Ebola Virus Disease (EVD) patients, Tonkolili, Sierra Leone, 2014–15",10.1371/journal.pone.0176692,PLoS One,2017,12,5,NA,NA,Rebecca Nash,0,Cases were residents of Tonkolili district who presented to the MSF EMCs between 12 September 2014 and 23 February 2015 and were confirmed as having EVD by positive Ebola polymerase chain reaction (PCR) test of blood or saliva.,Theocharopoulos,Yes,No,NA,NA,Yes,Yes,No,02994b2f7ce1ab1afdb47259ea7e318c
31,Ebola virus,547,Ashleigh,The IDEA model: A single equation approach to the Ebola forecasting challenge,10.1016/j.epidem.2016.09.001,Epidemics,2018,22,NA,71,77,Rebecca Nash,0,One of the RAPIDD Ebola Forecasting Challenge models. Phenomenological model (Incidence Decay with exponential adjustment).,Tuite,No,Yes,Yes,Yes,No,Yes,Yes,0ead7154ff193cb5e1c747f3946e13b7
33,Ebola virus,590,Bradford,Stochasticity and the limits to confidence when estimating R0 of Ebola and other emerging infectious diseases,10.1016/j.jtbi.2016.08.016,J Theor Biol,2016,408,NA,145,154,Rebecca Nash,0,Hybrid stochastic-deterministic method to estimate R0 and CIs. Stochastic realisations of an underlying deterministic model used to evaluate the compatibility (compare expected growth with observed) of candidate values of R0 with observed epidemic curves.,Taylor,No,Yes,No,Yes,No,Yes,No,06e1aa31dd54f5c165853703a4ef3b79
5,Ebola virus,562,G,"Ebola management centre proximity associated with reduced delays of healthcare of Ebola Virus Disease (EVD) patients, Tonkolili, Sierra Leone, 2014-15",10.1371/journal.pone.0176692,PLoS One,2017,12,5,NA,NA,Ruth,0,Lots of cool analyses in here about the effect of hospitals being further away on survival etc. Not what we are extracting but important to note.,Theocharopoulos,Yes,Yes,Yes,Yes,Yes,Yes,No,915577de3ad800c3c432af2952e956d7
1,Ebola virus,662,TA,"Determinants of patient survival during the 2014 Ebola Virus Disease outbreak in Bong County, Liberia",10.1186/s41256-016-0005-8,Global Health Research and Policy,2016,1,5,NA,NA,Ruth,0,"Although not extracting this info, good information on symptom prevalence etc. if of interest.",Weppelmann,Yes,Yes,Yes,Yes,Yes,Yes,No,ec0ee9e5d5c3ad5c7703f6e1325ca5f4
2,Ebola virus,676,JS,Modeling Post-death Transmission of Ebola: Challenges for Inference and Opportunities for Control, 10.1038/srep08751,Scientific Reports,2015,5,NA,NA,NA,Ruth,0,This is fairly theoretical with a big focus on sensitivity-style analyses. Focus is on post-death transmission,Weitz,No,Yes,Yes,Yes,No,No,No,daf4037d4fa31b3b879a897ffcb356bd
6,Ebola virus,3096,DJ,"Ebola Virus Epidemiology, Transmission, and Evolution during Seven Months in Sierra Leone",10.1016/j.cell.2015.06.007,Cell,2015,161,7,1516,1526,Ruth,0,,Park,Yes,Yes,Yes,Yes,Yes,No,No,48d8db6bc5f03eb6a124f9349f19bcc3
3,Ebola virus,700,GF,A model of the Ebola epidemics in West Africa incorporating age of infection,10.1080/17513758.2015.1090632,Journal of Biological Dynamics,2016,10,1,18,30,Ruth,0,,Webb,Yes,Yes,Yes,Yes,No,No,Yes,2735dd9893c1c61ea7c73e8345678dc4
4,Ebola virus,404,G,Optimal treatment of an SIR epidemic model with time delay,10.1016/j.biosystems.2009.05.006,Biosystems,2009,98,1,43,50,Ruth,0,Very mathsy paper,Zaman,Yes,Yes,Yes,Yes,No,No,No,3bb1eb856ead0ccbb333509ad4d9a77d
8,Ebola virus,1044,Joseph,Early transmission and case fatality of Ebola virus at the index site of the 2013-16 west African Ebola outbreak: a cross-sectional seroprevalence survey,10.1016/s1473-3099(18)30791-6,Lancet Infectious Diseases,2019,NA,NA,429,438,Sabine,0,NA,Timothy,Yes,Yes,Yes,Yes,Yes,Yes,Yes,16b411e0e57a7965d2127c2c049bfadf
1,Ebola virus,45,Dan,Effect of Ebola progression on transmission and control in Liberia,10.7326/m14-2255,Annals of Internal Medicine,2015,162,1,NA,NA,Sabine,0,NA,Yamin,Yes,Yes,Yes,Yes,Yes,NA,NA,1fe83700fbc75651b1df0af340f6926a
4,Ebola virus,505,Linda,Predicting Subnational Ebola Virus Disease Epidemic Dynamics from Sociodemographic Indicators,10.1371/journal.pone.0163544,PLOS one,2016,11,10,163544,NA,Sabine,0,NA,Valeri,No,Yes,No,Yes,No,No,No,12c89a2d2ed0e37b29f4608fce61fe57
2,Ebola virus,448,Marie-Astrid,"Clinical, virological, and biological parameters associated with outcomes of Ebola virus infection in Macenta, Guinea",10.1172/jci.insight.88864,JCI Insight,2017,2,6,88864,NA,Sabine,0,NA,Vernet,No,Yes,Yes,Yes,Yes,No,No,b8164ca97d23abeb04dded049be8e2cf
5,Ebola virus,701,G,A model of the 2014 ebola epidemic in west Africa with contact tracing,10.1371/currents.outbreaks.846b2a31ef37018b7d1126a9c8adf22a,PLOS currents,2015,7,NA,NA,NA,Sabine,0,NA,Webb,Yes,Yes,Yes,Yes,Yes,No,No,ce9b9606cdae2303344eadf0ea7a8524
3,Ebola virus,507,LD,Predicting the extinction of Ebola spreading in Liberia due to mitigation strategies,10.1038/srep12172,Scientific Reports,2015,5,NA,12172,NA,Sabine,0,NA,Valdez,No,Yes,Yes,Yes,Yes,No,No,ae02dea5bd55e030b234a540e1a16c48
6,Ebola virus,754,X,Ebola outbreak in West Africa: real-time estimation and multiple-wave prediction,10.3934/mbe.2015.12. 1055,arXiv,2015,NA,NA,NA,NA,Sabine,0,NA,Wang,No,Yes,Yes,Yes,No,No,No,409a60bac08fd8581f4fce755a4acdfe
7,Ebola virus,757,Xiaojing,Evaluations of Interventions Using Mathematical Models with Exponential and Non-exponential Distributions for Disease Stages: The Case of Ebola,10.1007/s11538-017-0324-z,Bull Math Biol,2017,79,9,NA,NA,Sabine,0,NA,Wang,Yes,Yes,Yes,Yes,No,No,No,c89dc8699cd9a72ec1b4d87a1c90eea8
2,Ebola virus,41,T,"
Clinical characteristics of 154 patients suspected of having Ebola virus disease in the Ebola holding center of Jui Government Hospital in Sierra Leone during the 2014 Ebola outbreak",10.1007/s10096-015-2457-z,Eur J Clin Microbiol Infect Dis,2015,34,NA,2089,2095,Sangeeta Bhatia,0,NA,Yan,Yes,NA,NA,NA,Yes,No,No,3c037cc9574dfb5272dcdb3542f2713c
1,Ebola virus,30,Wan,Transmission network of the 2014–2015 Ebola epidemic in Sierra Leone,10.1098/rsif.2015.0536,Royal Society Interface,2015,12,NA,NA,NA,Sangeeta Bhatia,0,NA,Yang,Yes,Yes,Yes,Yes,Yes,Yes,Yes,5562206ed01830db4ead682f40b1d8c8
38,Ebola virus,865,Tanja,Insights into the early epidemic spread of Ebola in Sierra Leone provided by viral sequence data,10.1371/currents.outbreaks.02bc6d927ecee7bbd33532ec8ba6a25f,PLoS Curr,2014,6,NA,NA,NA,Sequoia,0,NA,Stadler,Yes,Yes,Yes,Yes,Yes,Yes,Yes,9c188d9d6629c5ca97d337f463e90eb2
35,Ebola virus,701,Glenn,A model of the 2014 Ebola Epidemic in West Africa with Contact Tracing,10.1371/currents.outbreaks.846b2a31ef37018b7d1126a9c8adf22a,PLoS Curr,2015,7,NA,NA,NA,Sequoia,0,NA,Webb,Yes,Yes,Yes,No,Yes,No,No,fee8192504384f48dc1371dca20156a0
37,Ebola virus,847,Tasha,"The impact of active surveillance and health education on an Ebola virus disease cluster -- Kono District, Sierra Leone, 2014-2015",10.1186/s12879-016-1941-0,BMC Infectious Diseases,2016,16,611,NA,NA,Sequoia,0,NA,Stehling-Ariza,Yes,Yes,Yes,Yes,Yes,Yes,Yes,6ace1e9a465a3c1634a74cd0fc2ed392
39,Ebola virus,454,Srinivasan,Using data-driven agent-based models for forecasting emerging infectious diseases,10.1016/j.epidem.2017.02.010,Epidemics,2017,22,NA,43,49,Sequoia,0,NA,Venkatramanan,Yes,Yes,Yes,No,Yes,Yes,No,677ab348887ce68eccc167ca03aa3de2
40,Ebola virus,315,John E,The potential for sexual transmission to compromise control of Ebola virus outbreaks,10.1098/rsbl.2015.1079,Biol Lett,2016,12,NA,NA,NA,Sequoia,0,NA,Vinson,Yes,Yes,No,No,Yes,No,No,77c9a2dbbe9197ffb5c46ec1612107db
