fixed,covidence_id,name_data_entry,shared_article_id,shared_parameter_id,name_data_entry.x,parameter_data_id,article_id,parameter_type,parameter_value,exponent,parameter_unit,parameter_lower_bound,parameter_upper_bound,parameter_value_type,parameter_uncertainty_single_value,parameter_uncertainty_singe_type,parameter_uncertainty_lower_value,parameter_uncertainty_upper_value,parameter_uncertainty_type,cfr_ifr_numerator,cfr_ifr_denominator,distribution_type,distribution_par1_value,distribution_par1_type,distribution_par1_uncertainty,distribution_par2_value,distribution_par2_type,distribution_par2_uncertainty,method_from_supplement,method_moment_value,cfr_ifr_method,method_r,method_disaggregated_by,method_disaggregated,method_disaggregated_only,riskfactor_outcome,riskfactor_name,riskfactor_occupation,riskfactor_significant,riskfactor_adjusted,population_sex,population_sample_type,population_group,population_age_min,population_age_max,population_sample_size,population_country,population_location,population_study_start_day,population_study_start_month,population_study_start_year,population_study_end_day,population_study_end_month,population_study_end_year,genome_site,genomic_sequence_available,other_delay_start,other_delay_end,inverse_param,ebola_variant,parameter_class,name_data_entry.y,double_extracted,num_rows,matching
1,30,Anne,19_Anne,4_Anne,Anne,4,19,Human delay - incubation period,NA,0,Days,9.34,14.27,NA,NA,NA,NA,NA,NA,NA,NA,NA,NA,NA,FALSE,NA,NA,FALSE,TRUE,NA,NA,NA,Region;Time,TRUE,TRUE,NA,NA,NA,NA,NA,NA,NA,NA,NA,NA,NA,Sierra Leone,NA,25,05-May,2014,25,01-Jan,2015,NA,FALSE,NA,NA,TRUE,Unspecified,Human delay,Anne,1,1,0
1,30,Christian,1_Christian,1_Christian,Christian,1,1,"Reproduction number (Effective, Re)",NA,0,No units,0.44,2.22,NA,NA,NA,NA,NA,NA,NA,NA,NA,NA,NA,FALSE,NA,NA,FALSE,FALSE,NA,NA,Compartmental model,Region;Time,TRUE,TRUE,NA,NA,NA,NA,NA,NA,NA,NA,NA,NA,NA,Sierra Leone,NA,25,05-May,2014,25,01-Jan,2015,NA,FALSE,NA,NA,FALSE,Unspecified,Reproduction number,Christian,1,1,0
1,30,Christian,1_Christian,3_Christian,Christian,3,1,Human delay - infectious period,NA,0,Days,10.92,12.84,NA,NA,NA,NA,NA,NA,NA,NA,NA,NA,NA,FALSE,NA,NA,FALSE,TRUE,NA,NA,NA,Region;Time,TRUE,TRUE,NA,NA,NA,NA,NA,NA,NA,NA,NA,NA,NA,Sierra Leone,NA,25,05-May,2014,25,01-Jan,2015,NA,FALSE,NA,NA,FALSE,Unspecified,Human delay,Christian,1,1,0
1,41,Anne,22_Anne,44_Anne,Anne,44,22,Human delay - incubation period,9.2,0,Days,NA,NA,Mean,6.7,Standard deviation (Sd),2,33,Range,NA,NA,NA,NA,NA,FALSE,NA,NA,FALSE,FALSE,Mid outbreak,NA,NA,Other,TRUE,FALSE,NA,NA,NA,NA,NA,Both,Hospital based,NA,NA,NA,49,Sierra Leone,Jui Government Hospital,1,10-Oct,2014,9,11-Nov,2014,NA,FALSE,NA,NA,FALSE,Zaire Ebola virus (EBOV),Human delay,Anne,1,1,0
1,41,Anne,22_Anne,45_Anne,Anne,45,22,Severity - case fatality rate (CFR),60,0,Percentage (%),NA,NA,NA,NA,NA,NA,NA,NA,51,85,NA,NA,NA,FALSE,NA,NA,FALSE,FALSE,Mid outbreak,Unspecified,NA,NA,FALSE,FALSE,NA,NA,NA,NA,NA,Both,Hospital based,NA,NA,NA,85,Sierra Leone,Jui Government Hospital,1,10-Oct,2014,9,11-Nov,2014,NA,FALSE,NA,NA,FALSE,Zaire Ebola virus (EBOV),Severity,Anne,1,1,0
1,41,Anne,22_Anne,46_Anne,Anne,46,22,Human delay - other human delay (go to section),5.8,0,Days,NA,NA,Mean,3.3,Standard deviation (Sd),NA,NA,NA,NA,NA,NA,NA,NA,FALSE,NA,NA,FALSE,FALSE,Mid outbreak,NA,NA,Other,TRUE,FALSE,NA,NA,NA,NA,NA,Both,Hospital based,NA,NA,NA,49,Sierra Leone,Jui Government Hospital,1,10-Oct,2014,9,11-Nov,2014,NA,FALSE,Symptom Onset/Fever,Admission to Care/Hospitalisation,FALSE,Zaire Ebola virus (EBOV),Human delay,Anne,1,1,0
1,41,Anne,22_Anne,47_Anne,Anne,47,22,Human delay - other human delay (go to section),10.6,0,Days,NA,NA,Mean,3.2,Standard deviation (Sd),NA,NA,NA,NA,NA,NA,NA,NA,FALSE,NA,NA,FALSE,FALSE,Mid outbreak,NA,NA,NA,FALSE,FALSE,NA,NA,NA,NA,NA,Both,Hospital based,NA,NA,NA,NA,Sierra Leone,Jui Government hospital,1,10-Oct,2014,9,11-Nov,2014,NA,FALSE,Symptom Onset/Fever,Death,FALSE,Zaire Ebola virus (EBOV),Human delay,Anne,1,1,0
1,41,Anne,22_Anne,50_Anne,Anne,50,22,Risk factors,NA,0,NA,NA,NA,NA,NA,NA,NA,NA,NA,NA,NA,NA,NA,NA,FALSE,NA,NA,FALSE,FALSE,NA,NA,NA,NA,FALSE,FALSE,Death,Age;Other,NA,Significant,Adjusted,NA,NA,NA,NA,NA,NA,NA,NA,NA,NA,NA,NA,NA,NA,NA,FALSE,NA,NA,FALSE,Zaire Ebola virus (EBOV),Risk factors,Anne,1,1,0
1,45,Anne,25_Anne,54_Anne,Anne,54,25,Severity - case fatality rate (CFR),63,0,Percentage (%),NA,NA,Unspecified,NA,NA,60,64,CI95%,NA,NA,NA,NA,NA,FALSE,NA,NA,FALSE,TRUE,Mid outbreak,Unspecified,NA,NA,FALSE,FALSE,NA,NA,NA,NA,NA,NA,NA,NA,NA,NA,NA,Liberia,Montserrado county,7,07-Jul,2014,22,09-Sep,2014,NA,FALSE,NA,NA,FALSE,Unspecified,Severity,Anne,1,1,0
1,45,Anne,25_Anne,55_Anne,Anne,55,25,"Reproduction number (Effective, Re)",1.73,0,No units,NA,NA,Unspecified,NA,NA,1.66,1.83,CI95%,NA,NA,NA,NA,NA,FALSE,NA,NA,FALSE,FALSE,Mid outbreak,NA,Renewal equations / Branching process,Symptoms;Other,TRUE,FALSE,NA,NA,NA,NA,NA,NA,NA,NA,NA,NA,NA,Liberia,Montserrado county,7,07-Jul,2014,22,09-Sep,2014,NA,FALSE,NA,NA,FALSE,Unspecified,Reproduction number,Anne,1,1,0
1,57,Dariya Nikitin,1_Dariya Nikitin,2_Dariya Nikitin,Dariya Nikitin,2,1,Severity - case fatality rate (CFR),54.7,0,Percentage (%),8.6,93.3,Unspecified,NA,NA,NA,NA,NA,76,139,NA,NA,NA,FALSE,NA,NA,FALSE,FALSE,Post outbreak,Naive,NA,Age;Other;Sex;Symptoms,TRUE,FALSE,NA,NA,NA,NA,NA,Both,Hospital based,Unspecified,0.5,75,139,Sierra Leone,JUI Holding and Treatment Centre Western Sierra Leone,15,11-Nov,2014,18,01-Jan,2015,NA,FALSE,NA,NA,FALSE,Unspecified,Severity,Dariya Nikitin,1,1,0
1,57,Dariya Nikitin,1_Dariya Nikitin,3_Dariya Nikitin,Dariya Nikitin,3,1,Human delay - incubation period,8.6,0,Days,7.3,12.3,Mean,6.1,Standard deviation (Sd),0,20,Range,NA,NA,NA,NA,NA,FALSE,NA,NA,FALSE,FALSE,Post outbreak,NA,NA,Other,TRUE,FALSE,NA,NA,NA,NA,NA,Both,Hospital based,Unspecified,NA,NA,31,Sierra Leone,JUI Holding and Treatment Centre Western Sierra Leone,15,11-Nov,2014,18,01-Jan,2015,NA,FALSE,NA,NA,FALSE,Unspecified,Human delay,Dariya Nikitin,1,1,0
1,57,Dariya Nikitin,1_Dariya Nikitin,4_Dariya Nikitin,Dariya Nikitin,4,1,Human delay - other human delay (go to section),4.4,0,Days,3.8,4.9,Mean,3.5,Standard deviation (Sd),0,18,Range,NA,NA,NA,NA,NA,FALSE,NA,NA,FALSE,FALSE,Post outbreak,NA,NA,Other,TRUE,FALSE,NA,NA,NA,NA,NA,Both,Hospital based,Unspecified,0.5,75,139,Sierra Leone,JUI Holding and Treatment Centre Western Sierra Leone,15,11-Nov,2014,18,01-Jan,2015,NA,FALSE,Symptom Onset/Fever,Admission to Care/Hospitalisation,FALSE,Unspecified,Human delay,Dariya Nikitin,1,1,0
1,57,Dariya Nikitin,1_Dariya Nikitin,5_Dariya Nikitin,Dariya Nikitin,5,1,Human delay - other human delay (go to section),14.4,0,Days,NA,NA,Mean,4.7,Standard deviation (Sd),3,34,Range,NA,NA,NA,NA,NA,FALSE,NA,NA,FALSE,FALSE,Post outbreak,NA,NA,NA,FALSE,FALSE,NA,NA,NA,NA,NA,Both,Hospital based,Unspecified,NA,NA,63,Sierra Leone,JUI Holding and Treatment Centre Western Sierra Leone,15,11-Nov,2014,18,01-Jan,2015,NA,FALSE,Symptom Onset/Fever,Discharge from Care/Hospital,FALSE,Unspecified,Human delay,Dariya Nikitin,1,1,0
1,57,Dariya Nikitin,1_Dariya Nikitin,6_Dariya Nikitin,Dariya Nikitin,6,1,Human delay - other human delay (go to section),8.6,0,NA,NA,NA,NA,4.8,Standard deviation (Sd),0,27,Range,NA,NA,NA,NA,NA,FALSE,NA,NA,FALSE,FALSE,Post outbreak,NA,NA,NA,FALSE,FALSE,NA,NA,NA,NA,NA,Both,Hospital based,Unspecified,NA,NA,76,Sierra Leone,JUI Holding and Treatment Centre Western Sierra Leone,15,11-Nov,2014,18,01-Jan,2015,NA,FALSE,Symptom Onset/Fever,Death,FALSE,Unspecified,Human delay,Dariya Nikitin,1,1,0
1,57,Dariya Nikitin,1_Dariya Nikitin,7_Dariya Nikitin,Dariya Nikitin,7,1,Human delay - other human delay (go to section),10.6,0,Days,NA,NA,Mean,4.2,Standard deviation (Sd),2,27,Range,NA,NA,NA,NA,NA,FALSE,NA,NA,FALSE,FALSE,Unspecified,NA,NA,NA,FALSE,FALSE,NA,NA,NA,NA,NA,Both,Hospital based,Unspecified,NA,NA,63,Sierra Leone,JUI Holding and Treatment Centre Western Sierra Leone,15,11-Nov,2014,18,01-Jan,2015,NA,FALSE,Admission to Care/Hospitalisation,Discharge from Care/Hospital,FALSE,Unspecified,Human delay,Dariya Nikitin,1,1,0
1,57,Dariya Nikitin,1_Dariya Nikitin,8_Dariya Nikitin,Dariya Nikitin,8,1,Human delay - other human delay (go to section),3.7,0,Days,NA,NA,Mean,2.7,Standard deviation (Sd),0,18,Range,NA,NA,NA,NA,NA,FALSE,NA,NA,FALSE,FALSE,Post outbreak,NA,NA,NA,FALSE,FALSE,NA,NA,NA,NA,NA,Both,Hospital based,Unspecified,NA,NA,76,Sierra Leone,JUI Holding and Treatment Centre Western Sierra Leone,15,11-Nov,2014,18,01-Jan,2015,NA,FALSE,Admission to Care/Hospitalisation,Death,FALSE,Unspecified,Human delay,Dariya Nikitin,1,1,0
1,57,Dariya Nikitin,1_Dariya Nikitin,16_Dariya Nikitin,Dariya Nikitin,16,1,Risk factors,NA,0,NA,NA,NA,NA,NA,NA,NA,NA,NA,NA,NA,NA,NA,NA,FALSE,NA,NA,FALSE,FALSE,Post outbreak,NA,NA,NA,FALSE,FALSE,Death,Age;Other;Sex,Unspecified,Significant,Unspecified,Both,Hospital based,Unspecified,0.5,75,139,Sierra Leone,JUI Holding and Treatment Centre Western Sierra Leone,15,11-Nov,2014,18,01-Jan,2015,NA,FALSE,NA,NA,FALSE,Unspecified,Risk factors,Dariya Nikitin,1,1,0
1,65,Christian,3_Christian,11_Christian,Christian,11,3,Reproduction number (Basic R0),2.012,0,No units,NA,NA,NA,NA,NA,NA,NA,NA,NA,NA,NA,NA,NA,FALSE,NA,NA,FALSE,FALSE,NA,NA,Next generation matrix,NA,FALSE,FALSE,NA,NA,NA,NA,NA,Unspecified,NA,NA,NA,NA,NA,Liberia,NA,29,06-Jun,2014,7,10-Oct,2014,NA,FALSE,NA,NA,FALSE,Unspecified,Reproduction number,Christian,1,1,0
1,104,Rebecca Nash,38_Rebecca Nash,2000_Rebecca Nash,Rebecca Nash,2000,38,Human delay - other human delay (go to section),3.91,0,Days,NA,NA,Mean,NA,NA,3.84,3.98,CRI95%,NA,NA,NA,NA,NA,FALSE,NA,NA,FALSE,FALSE,Mid outbreak,NA,NA,NA,FALSE,FALSE,NA,NA,NA,NA,NA,Both,Population based,General population,0,NA,17318,Sierra Leone,NA,23,05-May,2014,31,01-Jan,2015,NA,FALSE,Symptom Onset/Fever,Reporting,FALSE,Unspecified,Human delay,Rebecca Nash,1,1,0
1,104,Rebecca Nash,38_Rebecca Nash,2001_Rebecca Nash,Rebecca Nash,2001,38,Human delay - other human delay (go to section),4.2,0,Days,NA,NA,Mean,NA,NA,4.09,4.31,CRI95%,NA,NA,NA,NA,NA,FALSE,NA,NA,FALSE,FALSE,Mid outbreak,NA,NA,NA,FALSE,FALSE,NA,NA,NA,NA,NA,Both,Population based,General population,0,NA,17318,Sierra Leone,NA,23,05-May,2014,31,01-Jan,2015,NA,FALSE,Symptom Onset/Fever,Reporting,FALSE,Unspecified,Human delay,Rebecca Nash,1,1,0
1,104,Rebecca Nash,38_Rebecca Nash,88_Rebecca Nash,Rebecca Nash,88,38,Severity - case fatality rate (CFR),74.2,0,Percentage (%),NA,NA,NA,NA,NA,72.6,75.5,CRI95%,2536,3422,NA,NA,NA,FALSE,NA,NA,FALSE,FALSE,Mid outbreak,Naive,NA,NA,FALSE,FALSE,NA,NA,NA,NA,NA,Both,Population based,General population,0,NA,17318,Sierra Leone,NA,23,05-May,2014,31,01-Jan,2015,NA,FALSE,NA,NA,FALSE,Unspecified,Severity,Rebecca Nash,1,1,0
1,104,Rebecca Nash,38_Rebecca Nash,89_Rebecca Nash,Rebecca Nash,89,38,Risk factors,NA,0,NA,NA,NA,NA,NA,NA,NA,NA,NA,NA,NA,NA,NA,NA,FALSE,NA,NA,FALSE,FALSE,Mid outbreak,NA,NA,NA,FALSE,FALSE,Death,Age;Other,NA,Significant,Not adjusted,Both,Population based,General population,0,NA,17318,Sierra Leone,NA,23,05-May,2014,31,01-Jan,2015,NA,FALSE,NA,NA,FALSE,Unspecified,Risk factors,Rebecca Nash,1,1,0
1,104,Rebecca Nash,38_Rebecca Nash,90_Rebecca Nash,Rebecca Nash,90,38,Risk factors,NA,0,NA,NA,NA,NA,NA,NA,NA,NA,NA,NA,NA,NA,NA,NA,FALSE,NA,NA,FALSE,FALSE,Mid outbreak,NA,NA,NA,FALSE,FALSE,Death,Occupation;Sex,Healthcare,Not significant,Not adjusted,Both,Population based,General population,0,NA,17318,Sierra Leone,NA,23,05-May,2014,31,01-Jan,2015,NA,FALSE,NA,NA,FALSE,Unspecified,Risk factors,Rebecca Nash,1,1,0
1,159,Cyril,3_Cyril,1_Cyril,Cyril,1,3,"Reproduction number (Effective, Re)",NA,0,No units,0.62,1.38,Mean,NA,NA,NA,NA,NA,NA,NA,NA,NA,NA,FALSE,NA,NA,FALSE,FALSE,Unspecified,NA,Growth rate,Region;Time,TRUE,TRUE,NA,NA,NA,NA,NA,Unspecified,Population based,General population,NA,NA,NA,Guinea;Liberia;Sierra Leone,NA,25,03-Mar,2014,22,03-Mar,2015,NA,FALSE,NA,NA,FALSE,Unspecified,Reproduction number,Cyril,1,1,0
1,163,Anne,30_Anne,58_Anne,Anne,58,30,Human delay - time in care (length of stay),9,0,Days,NA,NA,Median,NA,NA,6,14,Inter Quartile Range (IQR),NA,NA,NA,NA,NA,FALSE,NA,NA,FALSE,FALSE,Unspecified,NA,NA,NA,FALSE,FALSE,NA,NA,NA,NA,NA,Both,Hospital based,Other,NA,NA,NA,Sierra Leone,"Kerry Town, Western area rural district",5,11-Nov,2014,31,03-Mar,2015,NA,FALSE,Admission to Care/Hospitalisation,Discharge from Care/Hospital,FALSE,Zaire Ebola virus (EBOV),Human delay,Anne,1,1,0
1,163,Anne,30_Anne,59_Anne,Anne,59,30,Human delay - time in care (length of stay),3,0,Days,NA,NA,Median,NA,NA,2,5,Inter Quartile Range (IQR),NA,NA,NA,NA,NA,FALSE,NA,NA,FALSE,FALSE,Unspecified,NA,NA,NA,FALSE,FALSE,NA,NA,NA,NA,NA,Both,Hospital based,Other,NA,NA,NA,Sierra Leone,"Kerry Town, Western area rural district",5,11-Nov,2014,31,03-Mar,2015,NA,FALSE,Admission to Care/Hospitalisation,Death,FALSE,Zaire Ebola virus (EBOV),Human delay,Anne,1,1,0
1,163,Dariya Nikitin,3_Dariya Nikitin,18_Dariya Nikitin,Dariya Nikitin,18,3,Risk factors,NA,0,NA,NA,NA,NA,NA,NA,NA,NA,NA,NA,NA,NA,NA,NA,FALSE,NA,NA,FALSE,FALSE,Unspecified,NA,NA,Age;Other;Sex,TRUE,FALSE,Death,Age;Other;Sex,Unspecified,Unspecified,Adjusted,Both,Hospital based,General population,NA,NA,263,Sierra Leone,"Kerry Town, Western area rural district",5,11-Nov,2014,31,3,2015,NA,FALSE,NA,NA,FALSE,Zaire Ebola virus (EBOV),Risk factors,Dariya Nikitin,1,1,0
1,163,Dariya Nikitin,3_Dariya Nikitin,19_Dariya Nikitin,Dariya Nikitin,19,3,Risk factors,NA,0,NA,NA,NA,NA,NA,NA,NA,NA,NA,NA,NA,NA,NA,NA,FALSE,NA,NA,FALSE,FALSE,Unspecified,NA,NA,Age;Other;Sex,TRUE,FALSE,Death,Age;Other;Sex,Unspecified,Unspecified,Not adjusted,Both,Hospital based,Unspecified,NA,NA,263,Sierra Leone,"Kerry Town, Western area rural district",5,11-Nov,2014,31,3,2015,NA,FALSE,NA,NA,FALSE,Zaire Ebola virus (EBOV),Risk factors,Dariya Nikitin,1,1,0
1,163,Dariya Nikitin,3_Dariya Nikitin,21_Dariya Nikitin,Dariya Nikitin,21,3,Risk factors,NA,0,NA,NA,NA,NA,NA,NA,NA,NA,NA,NA,NA,NA,NA,NA,FALSE,NA,NA,FALSE,FALSE,Unspecified,NA,NA,Age;Other;Sex;Symptoms,TRUE,TRUE,Symptoms,Age;Other;Sex,NA,Unspecified,Adjusted,Both,Hospital based,Unspecified,NA,NA,137,Sierra Leone,"Kerry Town, Western area rural district",5,11-Nov,2014,31,03-Mar,2015,NA,FALSE,NA,NA,FALSE,Zaire Ebola virus (EBOV),Risk factors,Dariya Nikitin,1,1,0
1,163,Dariya Nikitin,3_Dariya Nikitin,22_Dariya Nikitin,Dariya Nikitin,22,3,Risk factors,NA,0,NA,NA,NA,NA,NA,NA,NA,NA,NA,NA,NA,NA,NA,NA,FALSE,NA,NA,FALSE,FALSE,Unspecified,NA,NA,Age;Other;Sex;Symptoms,TRUE,TRUE,Symptoms,Age;Other;Sex,NA,Unspecified,Not adjusted,Both,Hospital based,Unspecified,NA,NA,137,Sierra Leone,"Kerry Town, Western area rural district",5,11-Nov,2014,31,03-Mar,2015,NA,FALSE,NA,NA,FALSE,Zaire Ebola virus (EBOV),Risk factors,Dariya Nikitin,1,1,0
1,199,Dariya Nikitin,6_Dariya Nikitin,27_Dariya Nikitin,Dariya Nikitin,27,6,Mutations - evolutionary rate,0.96,-3,Substitutions/site/year,0.5,0.963,Mean,NA,NA,0.86,1.06,CRI95%,NA,NA,NA,NA,NA,FALSE,NA,NA,FALSE,TRUE,End outbreak,NA,NA,Other,TRUE,FALSE,NA,NA,NA,NA,NA,Unspecified,Unspecified,Unspecified,NA,NA,NA,Sierra Leone,Sierra Leone,NA,05-May,2014,NA,09-Sep,2015,Whole genome,TRUE,NA,NA,FALSE,Unspecified,Mutations,Dariya Nikitin,1,1,0
1,206,Dariya Nikitin,5_Dariya Nikitin,26_Dariya Nikitin,Dariya Nikitin,26,5,"Reproduction number (Effective, Re)",NA,0,No units,1.1,2.13,Unspecified,NA,NA,NA,NA,NA,NA,NA,NA,NA,NA,FALSE,NA,NA,FALSE,FALSE,Unspecified,NA,Compartmental model,Time,TRUE,TRUE,NA,NA,NA,NA,NA,Unspecified,NA,NA,NA,NA,NA,Sierra Leone,NA,22,05-May,2014,3,12-Dec,2014,NA,FALSE,NA,NA,FALSE,Unspecified,Reproduction number,Dariya Nikitin,1,1,0
1,241,Anne,35_Anne,71_Anne,Anne,71,35,Human delay - incubation period,7,0,Days,NA,NA,Median,NA,NA,2,20,Range,NA,NA,NA,NA,NA,FALSE,NA,NA,FALSE,FALSE,Unspecified,NA,NA,NA,FALSE,FALSE,NA,NA,NA,NA,NA,Both,Community based,General population,0,70,116,Uganda,Bundibugyo district,29,11-Nov,2007,20,02-Feb,2008,NA,FALSE,NA,NA,FALSE,Bundibugyo virus (BDBV)Â ,Human delay,Anne,1,1,0
1,241,Anne,35_Anne,72_Anne,Anne,72,35,Attack rate,43,-5,No units,3,185,NA,NA,NA,NA,NA,NA,NA,NA,NA,NA,NA,FALSE,NA,NA,FALSE,FALSE,Unspecified,NA,NA,Age;Region;Sex,TRUE,FALSE,NA,NA,NA,NA,NA,Both,Community based,General population,0,70,116,Uganda,Bundibugyo,29,11-Nov,2007,20,02-Feb,2008,NA,FALSE,NA,NA,FALSE,Bundibugyo virus (BDBV)Â ,Other,Anne,1,1,0
1,241,Anne,35_Anne,73_Anne,Anne,73,35,Risk factors,NA,0,NA,NA,NA,NA,NA,NA,NA,NA,NA,NA,NA,NA,NA,NA,FALSE,NA,NA,FALSE,FALSE,NA,NA,NA,NA,FALSE,FALSE,Infection,Funeral;Hospitalisation;Other;Close contact,NA,Significant,Not adjusted,Both,Community based,General population,0,70,192,Uganda,Bundibugyo district,29,11-Nov,2007,20,02-Feb,2008,NA,FALSE,NA,NA,FALSE,Bundibugyo virus (BDBV)Â ,Risk factors,Anne,1,1,0
1,241,Anne,35_Anne,75_Anne,Anne,75,35,Risk factors,NA,0,NA,NA,NA,NA,NA,NA,NA,NA,NA,NA,NA,NA,NA,NA,FALSE,NA,NA,FALSE,FALSE,NA,NA,NA,NA,FALSE,FALSE,Infection,Funeral,NA,Significant,Adjusted,Both,Community based,General population,0,70,192,Uganda,Bundibugyo district,29,11-Nov,2007,20,02-Feb,2008,NA,FALSE,NA,NA,FALSE,Bundibugyo virus (BDBV)Â ,Risk factors,Anne,1,1,0
1,241,Ettie Unwin,34_Ettie Unwin,69_Ettie Unwin,Ettie Unwin,69,34,Severity - case fatality rate (CFR),34,0,Percentage (%),29,100,NA,NA,NA,NA,NA,NA,39,116,NA,NA,NA,FALSE,NA,NA,FALSE,FALSE,NA,Unspecified,NA,Region;Sex;Other,TRUE,FALSE,NA,NA,NA,NA,NA,Both,Community based,General population,0,70,116,Uganda,Bundibugyo district,29,11-Nov,2007,20,02-Feb,2008,NA,FALSE,NA,NA,FALSE,Bundibugyo virus (BDBV)Â ,Severity,Ettie Unwin,1,1,0
1,241,Ettie Unwin,34_Ettie Unwin,72_Ettie Unwin,Ettie Unwin,72,34,Risk factors,NA,0,NA,NA,NA,NA,NA,NA,NA,NA,NA,NA,NA,NA,NA,NA,FALSE,NA,NA,FALSE,FALSE,NA,NA,NA,NA,FALSE,FALSE,Infection,Age;Contact with animal;Other;Sex,NA,Not significant,Not adjusted,Both,Community based,General population,0,70,192,Uganda,Bundibugyo district,29,11-Nov,2007,20,02-Feb,2008,NA,FALSE,NA,NA,FALSE,Bundibugyo virus (BDBV)Â ,Risk factors,Ettie Unwin,1,1,0
1,291,Ettie Unwin,35_Ettie Unwin,73_Ettie Unwin,Ettie Unwin,73,35,Reproduction number (Basic R0),NA,0,No units,2.1,3.81,Median,NA,NA,NA,NA,NA,NA,NA,NA,NA,NA,FALSE,NA,NA,FALSE,FALSE,Mid outbreak,NA,Compartmental model,NA,FALSE,FALSE,NA,NA,NA,NA,NA,Unspecified,Hospital based,NA,NA,NA,78,Sierra Leone,NA,25,05-May,2014,20,06-Jun,2014,NA,FALSE,NA,NA,FALSE,Unspecified,Reproduction number,Ettie Unwin,1,1,0
1,404,Ruth,4_Ruth,21_Ruth,Ruth,21,4,Reproduction number (Basic R0),1.7981,0,No units,NA,NA,Unspecified,NA,NA,NA,NA,NA,NA,NA,NA,NA,NA,FALSE,NA,NA,FALSE,FALSE,NA,NA,Compartmental model,NA,FALSE,FALSE,NA,NA,NA,NA,NA,Unspecified,NA,NA,NA,NA,NA,Democratic Republic of the Congo,NA,NA,NA,NA,NA,NA,NA,NA,FALSE,NA,NA,FALSE,Unspecified,Reproduction number,Ruth,1,1,0
1,404,Ruth,4_Ruth,22_Ruth,Ruth,22,4,"Reproduction number (Effective, Re)",0.7348,0,No units,NA,NA,Unspecified,NA,NA,NA,NA,NA,NA,NA,NA,NA,NA,FALSE,NA,NA,FALSE,FALSE,NA,NA,Compartmental model,NA,FALSE,FALSE,NA,NA,NA,NA,NA,Unspecified,NA,NA,NA,NA,NA,Democratic Republic of the Congo,NA,NA,NA,NA,NA,NA,NA,NA,FALSE,NA,NA,FALSE,Unspecified,Reproduction number,Ruth,1,1,0
1,442,Rebecca Nash,9_Rebecca Nash,16_Rebecca Nash,Rebecca Nash,16,9,Growth rate (r),1.43,0,Per day,NA,NA,NA,NA,NA,0.69,2.62,CI95%,NA,NA,NA,NA,NA,FALSE,NA,NA,FALSE,FALSE,Start outbreak,NA,NA,NA,FALSE,FALSE,NA,NA,NA,NA,NA,Unspecified,Unspecified,Unspecified,NA,NA,NA,Democratic Republic of the Congo,NA,NA,NA,1976,NA,NA,NA,NA,FALSE,NA,NA,FALSE,Unspecified,Other,Rebecca Nash,1,1,0
1,442,Rebecca Nash,9_Rebecca Nash,15_Rebecca Nash,Rebecca Nash,15,9,Growth rate (r),NA,0,Per week,0.08,2.38,NA,NA,NA,NA,NA,NA,NA,NA,NA,NA,NA,FALSE,NA,NA,FALSE,FALSE,Start outbreak,NA,NA,Region;Time,TRUE,TRUE,NA,NA,NA,NA,NA,Unspecified,Unspecified,Unspecified,NA,NA,NA,Uganda;Guinea;Liberia;Sierra Leone,Gueckedou;Montserrado;Margibi;Bomi;Grand Bassa;Western Area Urban;Western Area Rural;Bo;Bombali;Kenema;Port Loko,NA,NA,2000,NA,NA,2014,NA,FALSE,NA,NA,FALSE,Unspecified,Other,Rebecca Nash,1,1,0
1,448,Rebecca Nash,39_Rebecca Nash,92_Rebecca Nash,Rebecca Nash,92,39,Risk factors,NA,0,NA,NA,NA,NA,NA,NA,NA,NA,NA,NA,NA,NA,NA,NA,FALSE,NA,NA,FALSE,FALSE,Mid outbreak,NA,NA,NA,FALSE,FALSE,Death,Other,NA,Significant,Adjusted,Both,Hospital based,NA,1,68,168,Guinea,Macenta and Nzerekore,29,11-Nov,2014,31,01-Jan,2015,NA,FALSE,NA,NA,FALSE,Unspecified,Risk factors,Rebecca Nash,1,1,0
1,448,Rebecca Nash,39_Rebecca Nash,93_Rebecca Nash,Rebecca Nash,93,39,Risk factors,NA,0,NA,NA,NA,NA,NA,NA,NA,NA,NA,NA,NA,NA,NA,NA,FALSE,NA,NA,FALSE,FALSE,Mid outbreak,NA,NA,NA,FALSE,FALSE,Death,Age;Cormobidity;Other,NA,Not significant,Not adjusted,Both,Hospital based,NA,1,68,168,Guinea,Macenta and Nzerekore,29,11-Nov,2014,31,01-Jan,2015,NA,FALSE,NA,NA,FALSE,Unspecified,Risk factors,Rebecca Nash,1,1,0
1,448,Sabine,2_Sabine,6_Sabine,Sabine,6,2,Severity - case fatality rate (CFR),59,NA,Percentage (%),NA,NA,NA,NA,NA,NA,NA,NA,NA,NA,NA,NA,NA,FALSE,NA,NA,FALSE,FALSE,Mid outbreak,NA,NA,NA,FALSE,FALSE,NA,NA,NA,NA,NA,Both,Hospital based,NA,1,68,168,Guinea,Macenta and Nzerekore,29,11-Nov,2014,31,01-Jan,2015,NA,FALSE,NA,NA,FALSE,Unspecified,Severity,Sabine,1,1,0
1,505,Sabine,4_Sabine,11_Sabine,Sabine,11,4,Risk factors,NA,0,NA,NA,NA,NA,NA,NA,NA,NA,NA,NA,NA,NA,NA,NA,FALSE,NA,NA,FALSE,FALSE,Mid outbreak,NA,NA,NA,FALSE,FALSE,Infection,Age;Sex;Other,NA,NA,Adjusted,Both,NA,NA,NA,NA,NA,Guinea;Liberia;Sierra Leone,NA,NA,NA,NA,NA,07-Jul,2015,NA,FALSE,NA,NA,FALSE,Unspecified,Risk factors,Sabine,1,1,0
1,506,Kelly McCain,5_Kelly McCain,3_Kelly McCain,Kelly McCain,3,5,Human delay - serial interval,12,0,Days,1,30,Mean,6.2,Standard deviation (Sd),NA,NA,NA,NA,NA,NA,NA,NA,FALSE,NA,NA,FALSE,FALSE,End outbreak,NA,NA,NA,FALSE,FALSE,NA,NA,NA,NA,NA,NA,NA,Persons under investigation,NA,NA,109,Guinea,Nâ€™Zerekore,NA,08-Aug,2014,NA,02-Feb,2015,NA,FALSE,NA,NA,FALSE,Unspecified,Human delay,Kelly McCain,1,1,0
1,506,Kelly McCain,5_Kelly McCain,5_Kelly McCain,Kelly McCain,5,5,"Reproduction number (Effective, Re)",3,0,No units,NA,NA,Mean,NA,NA,NA,NA,NA,NA,NA,NA,NA,NA,FALSE,NA,NA,FALSE,FALSE,End outbreak,NA,Empirical (contact tracing),NA,FALSE,FALSE,NA,NA,NA,NA,NA,NA,Household based,Persons under investigation,NA,NA,66,Guinea,Nâ€™Zerekore,NA,08-Aug,2014,NA,02-Feb,2015,NA,FALSE,NA,NA,FALSE,Unspecified,Reproduction number,Kelly McCain,1,1,0
1,506,Kelly McCain,5_Kelly McCain,70_Kelly McCain,Kelly McCain,70,5,"Reproduction number (Effective, Re)",2,0,No units,NA,NA,Mean,NA,NA,NA,NA,NA,NA,NA,NA,NA,NA,FALSE,NA,NA,FALSE,FALSE,End outbreak,NA,Empirical (contact tracing),NA,FALSE,FALSE,NA,NA,NA,NA,NA,NA,Hospital based,Persons under investigation,NA,NA,8,Guinea,Nâ€™Zerekore,NA,08-Aug,2014,NA,02-Feb,2015,NA,FALSE,NA,NA,FALSE,Unspecified,Reproduction number,Kelly McCain,1,1,0
1,507,Patrick,1_Patrick,2_Patrick,Patrick,2,1,Growth rate (r),0.053,0,Per day,NA,NA,NA,0.003,Standard Error (SE),NA,NA,NA,NA,NA,NA,NA,NA,FALSE,NA,NA,FALSE,TRUE,Unspecified,NA,NA,NA,FALSE,FALSE,NA,NA,NA,NA,NA,NA,NA,NA,NA,NA,NA,Liberia,NA,17,03-Mar,2014,NA,08-Aug,2014,NA,FALSE,NA,NA,FALSE,Unspecified,Other,Patrick,1,1,0
1,507,Sabine,3_Sabine,7_Sabine,Sabine,7,3,Reproduction number (Basic R0),2.11,0,No units,NA,NA,NA,NA,NA,1.88,2.71,Other,NA,NA,NA,NA,NA,FALSE,NA,NA,FALSE,FALSE,Unspecified,NA,Next generation matrix,NA,FALSE,FALSE,NA,NA,NA,NA,NA,NA,NA,NA,NA,NA,NA,Liberia,NA,17,03-Mar,2014,NA,08-Aug,2014,NA,FALSE,NA,NA,FALSE,Unspecified,Reproduction number,Sabine,1,1,0
1,509,Rebecca Nash,10_Rebecca Nash,31_Rebecca Nash,Rebecca Nash,31,10,Human delay - other human delay (go to section),3,0,Days,NA,NA,Median,NA,NA,1,9,Range,NA,NA,NA,NA,NA,FALSE,NA,NA,FALSE,FALSE,Unspecified,NA,NA,Other,TRUE,FALSE,NA,NA,NA,NA,NA,Both,Hospital based,Persons under investigation,25,75,27,NA,USA and Europe,NA,08-Aug,2014,NA,12-Dec,2015,NA,FALSE,Symptom Onset/Fever,Diagnosis,FALSE,Unspecified,Human delay,Rebecca Nash,1,1,0
1,509,Rebecca Nash,10_Rebecca Nash,28_Rebecca Nash,Rebecca Nash,28,10,Human delay - other human delay (go to section),4,0,Days,NA,NA,Median,NA,NA,0,15,Range,NA,NA,NA,NA,NA,FALSE,NA,NA,FALSE,FALSE,Unspecified,NA,NA,Other,TRUE,FALSE,NA,NA,NA,NA,NA,Both,Hospital based,Persons under investigation,25,75,27,NA,USA and Europe,NA,08-Aug,2014,NA,12-Dec,2015,NA,FALSE,Symptom Onset/Fever,Admission to Care/Hospitalisation,FALSE,Unspecified,Human delay,Rebecca Nash,1,1,0
1,509,Rebecca Nash,10_Rebecca Nash,32_Rebecca Nash,Rebecca Nash,32,10,Human delay - other human delay (go to section),17.5,0,Days,NA,NA,Median,NA,NA,5,27,Range,NA,NA,NA,NA,NA,FALSE,NA,NA,FALSE,FALSE,Unspecified,NA,NA,NA,FALSE,FALSE,NA,NA,NA,NA,NA,Unspecified,Hospital based,Persons under investigation,NA,NA,22,NA,USA and Europe,NA,08-Aug,2014,NA,12-Dec,2015,NA,FALSE,Symptom Onset/Fever,Negative RT-PCR,FALSE,Unspecified,Human delay,Rebecca Nash,1,1,0
1,509,Rebecca Nash,10_Rebecca Nash,33_Rebecca Nash,Rebecca Nash,33,10,Human delay - other human delay (go to section),10,0,Days,NA,NA,Median,NA,NA,6,11,Range,NA,NA,NA,NA,NA,FALSE,NA,NA,FALSE,FALSE,Unspecified,NA,NA,NA,FALSE,FALSE,NA,NA,NA,NA,NA,Unspecified,Hospital based,Persons under investigation,NA,NA,5,NA,USA and Europe,NA,08-Aug,2014,NA,12-Dec,2015,NA,FALSE,Symptom Onset/Fever,IgM antibody detection,FALSE,Unspecified,Human delay,Rebecca Nash,1,1,0
1,509,Rebecca Nash,10_Rebecca Nash,34_Rebecca Nash,Rebecca Nash,34,10,Human delay - other human delay (go to section),11,0,Days,NA,NA,Median,NA,NA,9,11,Range,NA,NA,NA,NA,NA,FALSE,NA,NA,FALSE,FALSE,Unspecified,NA,NA,NA,FALSE,FALSE,NA,NA,NA,NA,NA,Unspecified,Hospital based,Persons under investigation,NA,NA,6,NA,USA and Europe,NA,08-Aug,2014,NA,12-Dec,2015,NA,FALSE,Symptom Onset/Fever,IgG antibody detection,FALSE,Unspecified,Human delay,Rebecca Nash,1,1,0
1,509,Rebecca Nash,10_Rebecca Nash,37_Rebecca Nash,Rebecca Nash,37,10,Human delay - other human delay (go to section),20,0,Days,NA,NA,Median,NA,NA,10,40,Range,NA,NA,NA,NA,NA,FALSE,NA,NA,FALSE,FALSE,Unspecified,NA,NA,NA,FALSE,FALSE,NA,NA,NA,NA,NA,Both,Hospital based,Persons under investigation,25,59,22,NA,USA and Europe,NA,08-Aug,2014,NA,12-Dec,2015,NA,FALSE,Admission to Care/Hospitalisation,Discharge from Care/Hospital,FALSE,Unspecified,Human delay,Rebecca Nash,1,1,0
1,509,Rebecca Nash,10_Rebecca Nash,38_Rebecca Nash,Rebecca Nash,38,10,Human delay - other human delay (go to section),7,0,Days,NA,NA,Median,NA,NA,2,11,Range,NA,NA,NA,NA,NA,FALSE,NA,NA,FALSE,FALSE,Unspecified,NA,NA,NA,FALSE,FALSE,NA,NA,NA,NA,NA,Male,Hospital based,Persons under investigation,42,75,5,NA,USA and Europe,NA,08-Aug,2014,NA,12-Dec,2015,NA,FALSE,Admission to Care/Hospitalisation,Death,FALSE,Unspecified,Human delay,Rebecca Nash,1,1,0
1,509,Rebecca Nash,10_Rebecca Nash,40_Rebecca Nash,Rebecca Nash,40,10,Human delay - other human delay (go to section),28,0,Days,NA,NA,Median,NA,NA,14,48,Range,NA,NA,NA,NA,NA,FALSE,NA,NA,FALSE,FALSE,Unspecified,NA,NA,NA,FALSE,FALSE,NA,NA,NA,NA,NA,Both,Hospital based,Persons under investigation,25,59,22,NA,USA and Europe,NA,08-Aug,2014,NA,12-Dec,2015,NA,FALSE,Symptom Onset/Fever,Discharge from Care/Hospital,FALSE,Unspecified,Human delay,Rebecca Nash,1,1,0
1,509,Rebecca Nash,10_Rebecca Nash,41_Rebecca Nash,Rebecca Nash,41,10,Human delay - other human delay (go to section),14,0,Days,NA,NA,Median,NA,NA,11,15,Range,NA,NA,NA,NA,NA,FALSE,NA,NA,FALSE,FALSE,Unspecified,NA,NA,NA,FALSE,FALSE,NA,NA,NA,NA,NA,Male,Hospital based,Persons under investigation,42,75,5,NA,USA and Europe,NA,08-Aug,2014,NA,12-Dec,2015,NA,FALSE,Symptom Onset/Fever,Death,FALSE,Unspecified,Human delay,Rebecca Nash,1,1,0
1,509,Patrick,5_Patrick,10_Patrick,Patrick,10,5,Severity - case fatality rate (CFR),18.5,0,Percentage (%),NA,NA,Unspecified,NA,NA,NA,NA,NA,5,27,NA,NA,NA,FALSE,NA,NA,FALSE,FALSE,Unspecified,Naive,NA,NA,FALSE,FALSE,NA,NA,NA,NA,NA,Both,Hospital based,Persons under investigation,25,75,27,NA,USA and Europe,NA,08-Aug,2014,NA,12-Dec,2015,NA,FALSE,NA,NA,FALSE,Unspecified,Severity,Patrick,1,1,0
1,509,Rebecca Nash,10_Rebecca Nash,36_Rebecca Nash,Rebecca Nash,36,10,Risk factors,NA,0,NA,NA,NA,NA,NA,NA,NA,NA,NA,NA,NA,NA,NA,NA,FALSE,NA,NA,FALSE,FALSE,Unspecified,NA,NA,NA,FALSE,FALSE,Death,Age;Other,NA,Significant,Unspecified,Both,Hospital based,Persons under investigation,25,75,27,NA,USA and Europe,NA,08-Aug,2014,NA,12-Dec,2015,NA,FALSE,NA,NA,FALSE,Unspecified,Risk factors,Rebecca Nash,1,1,0
1,509,Rebecca Nash,10_Rebecca Nash,96_Rebecca Nash,Rebecca Nash,96,10,Risk factors,NA,0,NA,NA,NA,NA,NA,NA,NA,NA,NA,NA,NA,NA,NA,NA,FALSE,NA,NA,FALSE,FALSE,Unspecified,NA,NA,NA,FALSE,FALSE,Death,Sex;Cormobidity;Occupation;Other,Healthcare,Not significant,Unspecified,Both,Hospital based,Persons under investigation,25,75,27,NA,USA and Europe,NA,08-Aug,2014,NA,12-Dec,2015,NA,FALSE,NA,NA,FALSE,Unspecified,Risk factors,Rebecca Nash,1,1,0
1,525,Christian,5_Christian,13_Christian,Christian,13,5,Reproduction number (Basic R0),1.5,0,No units,NA,NA,Unspecified,NA,NA,NA,NA,NA,NA,NA,NA,NA,NA,FALSE,NA,NA,FALSE,FALSE,NA,NA,Compartmental model,NA,FALSE,FALSE,NA,NA,NA,NA,NA,Unspecified,NA,NA,NA,NA,NA,Sierra Leone,NA,1,01-Jan,2014,NA,02-Feb,2015,NA,FALSE,NA,NA,FALSE,Unspecified,Reproduction number,Christian,1,1,0
1,525,Christian,5_Christian,14_Christian,Christian,14,5,Reproduction number (Basic R0),2.5,0,No units,NA,NA,Unspecified,NA,NA,NA,NA,NA,NA,NA,NA,NA,NA,FALSE,NA,NA,FALSE,FALSE,NA,NA,Compartmental model,NA,FALSE,FALSE,NA,NA,NA,NA,NA,Unspecified,NA,NA,NA,NA,NA,Liberia,NA,1,01-Jan,2014,NA,04-Apr,2015,NA,FALSE,NA,NA,FALSE,Unspecified,Reproduction number,Christian,1,1,0
1,525,Christian,5_Christian,15_Christian,Christian,15,5,Reproduction number (Basic R0),1.3,0,No units,NA,NA,Unspecified,NA,NA,NA,NA,NA,NA,NA,NA,NA,NA,FALSE,NA,NA,FALSE,FALSE,NA,NA,Compartmental model,NA,FALSE,FALSE,NA,NA,NA,NA,NA,Unspecified,NA,NA,NA,NA,NA,Guinea,NA,1,01-Jan,2014,NA,12-Dec,2014,NA,FALSE,NA,NA,FALSE,Unspecified,Reproduction number,Christian,1,1,0
1,562,Rebecca Nash,32_Rebecca Nash,61_Rebecca Nash,Rebecca Nash,61,32,Human delay - other human delay (go to section),6,0,Per day,NA,NA,Median,NA,NA,3,8,Inter Quartile Range (IQR),NA,NA,NA,NA,NA,FALSE,NA,NA,FALSE,FALSE,Mid outbreak,NA,NA,Other;Region,TRUE,FALSE,NA,NA,NA,NA,NA,Both,Hospital based,Other,NA,79,249,Sierra Leone,Tonkolili district,12,09-Sep,2014,23,02-Feb,2015,NA,FALSE,Symptom Onset/Fever,Admission to Care/Hospitalisation,FALSE,Unspecified,Human delay,Rebecca Nash,1,1,0
1,562,Rebecca Nash,32_Rebecca Nash,62_Rebecca Nash,Rebecca Nash,62,32,Risk factors,NA,0,NA,NA,NA,NA,NA,NA,NA,NA,NA,NA,NA,NA,NA,NA,FALSE,NA,NA,FALSE,FALSE,Mid outbreak,NA,NA,NA,FALSE,FALSE,Death,Age;Other;Sex,NA,Not significant,Not adjusted,Both,Hospital based,Other,NA,79,110,Sierra Leone,Tonkolili district,12,09-Sep,2014,23,02-Feb,2015,NA,FALSE,NA,NA,FALSE,Unspecified,Risk factors,Rebecca Nash,1,1,0
1,562,Rebecca Nash,32_Rebecca Nash,63_Rebecca Nash,Rebecca Nash,63,32,Severity - case fatality rate (CFR),44,0,Percentage (%),NA,NA,NA,NA,NA,NA,NA,NA,110,249,NA,NA,NA,FALSE,NA,NA,FALSE,FALSE,Mid outbreak,Naive,NA,Age;Other;Region;Sex;Symptoms,TRUE,FALSE,NA,NA,NA,NA,NA,Both,Hospital based,Other,NA,79,249,Sierra Leone,Tonkolili district,12,09-Sep,2014,23,02-Feb,2015,NA,FALSE,NA,NA,FALSE,Unspecified,Severity,Rebecca Nash,1,1,0
1,562,Ruth,5_Ruth,28_Ruth,Ruth,28,5,Risk factors,NA,0,NA,NA,NA,NA,NA,NA,NA,NA,NA,NA,NA,NA,NA,NA,FALSE,NA,NA,FALSE,FALSE,Mid outbreak,NA,NA,NA,FALSE,FALSE,Death,Other,NA,Significant,Not adjusted,Both,Hospital based,Other,NA,NA,110,Sierra Leone,Tonkolili,12,09-Sep,2014,23,02-Feb,2015,NA,FALSE,NA,NA,FALSE,Unspecified,Risk factors,Ruth,1,1,0
1,562,Ruth,5_Ruth,29_Ruth,Ruth,29,5,Risk factors,NA,0,NA,NA,NA,NA,NA,NA,NA,NA,NA,NA,NA,NA,NA,NA,FALSE,NA,NA,FALSE,FALSE,Mid outbreak,NA,NA,NA,FALSE,FALSE,Death,Other,NA,Significant,Adjusted,Both,Hospital based,Other,NA,NA,110,Sierra Leone,Tonkolili,12,09-Sep,2014,23,02-Feb,2015,NA,FALSE,NA,NA,FALSE,Unspecified,Risk factors,Ruth,1,1,0
1,562,Ruth,5_Ruth,24_Ruth,Ruth,24,5,Risk factors,NA,0,NA,NA,NA,NA,NA,NA,NA,NA,NA,NA,NA,NA,NA,NA,FALSE,NA,NA,FALSE,FALSE,Mid outbreak,NA,NA,NA,FALSE,FALSE,Other,Age;Other,NA,Not significant,Adjusted,Both,Hospital based,Other,NA,NA,249,Sierra Leone,Tonkolili,12,09-Sep,2014,23,02-Feb,2015,NA,FALSE,NA,NA,FALSE,Unspecified,Risk factors,Ruth,1,1,0
1,562,Ruth,5_Ruth,25_Ruth,Ruth,25,5,Risk factors,NA,0,NA,NA,NA,NA,NA,NA,NA,NA,NA,NA,NA,NA,NA,NA,FALSE,NA,NA,FALSE,FALSE,Mid outbreak,NA,NA,NA,FALSE,FALSE,Other,Other,NA,Significant,Adjusted,Both,Hospital based,Other,NA,NA,249,Sierra Leone,Tonkolili,12,09-Sep,2014,23,02-Feb,2015,NA,FALSE,NA,NA,FALSE,Unspecified,Risk factors,Ruth,1,1,0
1,590,Jack,1_Jack,1_Jack,Jack,1,1,Reproduction number (Basic R0),2.06,0,No units,NA,NA,Unspecified,NA,NA,1.93,2.27,CI95%,NA,NA,NA,NA,NA,FALSE,NA,NA,FALSE,FALSE,Start outbreak,NA,Other,NA,FALSE,FALSE,NA,NA,NA,NA,NA,Unspecified,NA,NA,NA,NA,NA,Liberia,NA,NA,NA,NA,7,09-Sep,2014,NA,FALSE,NA,NA,FALSE,Unspecified,Reproduction number,Jack,1,1,0
1,590,Jack,1_Jack,2_Jack,Jack,2,1,Reproduction number (Basic R0),1.24,0,No units,NA,NA,Unspecified,NA,NA,1.04,1.42,CI95%,NA,NA,NA,NA,NA,FALSE,NA,NA,FALSE,FALSE,Start outbreak,NA,Other,NA,FALSE,FALSE,NA,NA,NA,NA,NA,Unspecified,NA,NA,NA,NA,NA,Guinea,NA,NA,NA,NA,7,09-Sep,2014,NA,FALSE,NA,NA,FALSE,Unspecified,Reproduction number,Jack,1,1,0
1,590,Jack,1_Jack,3_Jack,Jack,3,1,Reproduction number (Basic R0),1.71,0,No units,NA,NA,Unspecified,NA,NA,1.4,1.82,CI95%,NA,NA,NA,NA,NA,FALSE,NA,NA,FALSE,FALSE,Start outbreak,NA,Other,NA,FALSE,FALSE,NA,NA,NA,NA,NA,Unspecified,NA,NA,NA,NA,NA,Sierra Leone,NA,NA,NA,NA,7,09-Sep,2014,NA,FALSE,NA,NA,FALSE,Unspecified,Reproduction number,Jack,1,1,0
1,654,Kelly McCain,6_Kelly McCain,2_Kelly McCain,Kelly McCain,2,6,Mutations â€“ substitution rate,3.6,-5,Substitutions/site/year,NA,NA,Mean,1.09,Standard Error (SE),NA,NA,NA,NA,NA,NA,NA,NA,FALSE,NA,NA,FALSE,FALSE,Unspecified,NA,NA,NA,FALSE,FALSE,NA,NA,NA,NA,NA,NA,Unspecified,Unspecified,NA,NA,NA,NA,"Nzara, Reston, Yambuku, Manila, Siena, Tai, Kikwit, Maridi",NA,NA,1967,NA,NA,1995,GP,FALSE,NA,NA,FALSE,Unspecified,Mutations,Kelly McCain,1,1,0
1,662,Ruth,1_Ruth,1_Ruth,Ruth,1,1,Severity - case fatality rate (CFR),53.5,0,Percentage (%),NA,NA,NA,NA,NA,49,58,CI95%,229,428,NA,NA,NA,FALSE,NA,NA,FALSE,FALSE,Mid outbreak,Naive,NA,Other,TRUE,FALSE,NA,NA,NA,NA,NA,Both,NA,NA,NA,NA,428,Liberia,Bong County,21,03-Mar,2014,31,12-Dec,2014,NA,FALSE,NA,NA,FALSE,Unspecified,Severity,Ruth,1,1,0
1,662,Ruth,1_Ruth,2_Ruth,Ruth,2,1,Risk factors,NA,0,NA,NA,NA,NA,NA,NA,NA,NA,NA,NA,NA,NA,NA,NA,FALSE,NA,NA,FALSE,FALSE,Mid outbreak,NA,NA,NA,FALSE,FALSE,Infection,Close contact;Funeral,NA,Significant,Unspecified,Both,NA,NA,NA,NA,321,Liberia,Bong County,21,03-Mar,2014,31,12-Dec,2014,NA,FALSE,NA,NA,FALSE,Unspecified,Risk factors,Ruth,1,1,0
1,662,Ruth,1_Ruth,3_Ruth,Ruth,3,1,Risk factors,NA,0,NA,NA,NA,NA,NA,NA,NA,NA,NA,NA,NA,NA,NA,NA,FALSE,NA,NA,FALSE,FALSE,Mid outbreak,NA,NA,NA,FALSE,FALSE,Infection,Age;Sex,NA,Not significant,Unspecified,Both,NA,NA,NA,NA,321,Liberia,Bong County,21,03-Mar,2014,31,12-Dec,2014,NA,FALSE,NA,NA,FALSE,Unspecified,Risk factors,Ruth,1,1,0
1,662,Ruth,1_Ruth,4_Ruth,Ruth,4,1,Risk factors,NA,0,NA,NA,NA,NA,NA,NA,NA,NA,NA,NA,NA,NA,NA,NA,FALSE,NA,NA,FALSE,FALSE,Mid outbreak,NA,NA,NA,FALSE,FALSE,Death,Age;Hospitalisation;Other;Sex,NA,Significant,Not adjusted,Both,NA,NA,NA,NA,374,Liberia,Bong County,21,03-Mar,2014,31,12-Dec,2014,NA,FALSE,NA,NA,FALSE,Unspecified,Risk factors,Ruth,1,1,0
1,662,Ruth,1_Ruth,5_Ruth,Ruth,5,1,Risk factors,NA,0,NA,NA,NA,NA,NA,NA,NA,NA,NA,NA,NA,NA,NA,NA,FALSE,NA,NA,FALSE,FALSE,Mid outbreak,NA,NA,NA,FALSE,FALSE,Death,Other,NA,Not significant,Not adjusted,Both,NA,NA,NA,NA,374,Liberia,Bong County,21,03-Mar,2014,31,12-Dec,2014,NA,FALSE,NA,NA,FALSE,Unspecified,Risk factors,Ruth,1,1,0
1,662,Ruth,1_Ruth,6_Ruth,Ruth,6,1,Risk factors,NA,0,NA,NA,NA,NA,NA,NA,NA,NA,NA,NA,NA,NA,NA,NA,FALSE,NA,NA,FALSE,FALSE,Mid outbreak,NA,NA,NA,FALSE,FALSE,Death,Hospitalisation;Other;Sex,NA,Significant,Adjusted,Both,NA,NA,NA,NA,374,Liberia,Bong County,21,03-Mar,2014,31,12-Dec,2014,NA,FALSE,NA,NA,FALSE,Unspecified,Risk factors,Ruth,1,1,0
1,662,Ruth,1_Ruth,7_Ruth,Ruth,7,1,Risk factors,NA,0,NA,NA,NA,NA,NA,NA,NA,NA,NA,NA,NA,NA,NA,NA,FALSE,NA,NA,FALSE,FALSE,Mid outbreak,NA,NA,NA,FALSE,FALSE,Death,Other,NA,Not significant,Adjusted,Both,NA,NA,NA,NA,374,Liberia,Bong County,21,03-Mar,2014,31,12-Dec,2014,NA,FALSE,NA,NA,FALSE,Unspecified,Risk factors,Ruth,1,1,0
1,676,Ruth,2_Ruth,8_Ruth,Ruth,8,2,Growth rate (r),0.011,0,Unspecified,NA,NA,Unspecified,NA,NA,NA,NA,NA,NA,NA,NA,NA,NA,FALSE,NA,NA,FALSE,FALSE,Mid outbreak,NA,NA,NA,FALSE,FALSE,NA,NA,NA,NA,NA,Unspecified,NA,NA,NA,NA,NA,Guinea,NA,22,03-Mar,2014,31,08-Aug,2014,NA,FALSE,NA,NA,FALSE,Unspecified,Other,Ruth,1,1,0
1,676,Ruth,2_Ruth,9_Ruth,Ruth,9,2,Doubling time,61,0,Days,NA,NA,Unspecified,NA,NA,NA,NA,NA,NA,NA,NA,NA,NA,FALSE,NA,NA,FALSE,FALSE,Mid outbreak,NA,NA,NA,FALSE,FALSE,NA,NA,NA,NA,NA,Unspecified,NA,NA,NA,NA,NA,Guinea,NA,22,03-Mar,2014,31,08-Aug,2014,NA,FALSE,NA,NA,FALSE,Unspecified,Other,Ruth,1,1,0
1,676,Ruth,2_Ruth,10_Ruth,Ruth,10,2,Growth rate (r),0.048,0,Unspecified,NA,NA,Unspecified,NA,NA,NA,NA,NA,NA,NA,NA,NA,NA,FALSE,NA,NA,FALSE,FALSE,Mid outbreak,NA,NA,NA,FALSE,FALSE,NA,NA,NA,NA,NA,Unspecified,NA,NA,NA,NA,NA,Liberia,NA,22,06-Jun,2014,31,08-Aug,2014,NA,FALSE,NA,NA,FALSE,Unspecified,Other,Ruth,1,1,0
1,676,Ruth,2_Ruth,11_Ruth,Ruth,11,2,Doubling time,14,0,Days,NA,NA,Unspecified,NA,NA,NA,NA,NA,NA,NA,NA,NA,NA,FALSE,NA,NA,FALSE,FALSE,Mid outbreak,NA,NA,NA,FALSE,FALSE,NA,NA,NA,NA,NA,Unspecified,NA,NA,NA,NA,NA,Liberia,NA,22,06-Jun,2014,31,08-Aug,2014,NA,FALSE,NA,NA,FALSE,Unspecified,Other,Ruth,1,1,0
1,676,Ruth,2_Ruth,12_Ruth,Ruth,12,2,Growth rate (r),0.032,0,Unspecified,NA,NA,Unspecified,NA,NA,NA,NA,NA,NA,NA,NA,NA,NA,FALSE,NA,NA,FALSE,FALSE,Mid outbreak,NA,NA,NA,FALSE,FALSE,NA,NA,NA,NA,NA,Unspecified,NA,NA,NA,NA,NA,Sierra Leone,NA,28,05-May,2014,31,08-Aug,2014,NA,FALSE,NA,NA,FALSE,Unspecified,Other,Ruth,1,1,0
1,676,Ruth,2_Ruth,13_Ruth,Ruth,13,2,Doubling time,21,0,Days,NA,NA,Unspecified,NA,NA,NA,NA,NA,NA,NA,NA,NA,NA,FALSE,NA,NA,FALSE,FALSE,Mid outbreak,NA,NA,NA,FALSE,FALSE,NA,NA,NA,NA,NA,Unspecified,NA,NA,NA,NA,NA,Sierra Leone,NA,28,05-May,2014,31,08-Aug,2014,NA,FALSE,NA,NA,FALSE,Unspecified,Other,Ruth,1,1,0
1,700,Rebecca Nash,40_Rebecca Nash,94_Rebecca Nash,Rebecca Nash,94,40,Reproduction number (Basic R0),NA,0,No units,0.72,1.77,Unspecified,NA,NA,NA,NA,NA,NA,NA,NA,NA,NA,FALSE,NA,NA,FALSE,FALSE,Mid outbreak,NA,Compartmental model,Time,TRUE,FALSE,NA,NA,NA,NA,NA,Unspecified,Population based,General population,NA,NA,NA,Sierra Leone,NA,27,May-05,2014,1,Jun-06,2015,NA,FALSE,NA,NA,FALSE,Unspecified,Reproduction number,Rebecca Nash,1,1,0
1,700,Rebecca Nash,40_Rebecca Nash,95_Rebecca Nash,Rebecca Nash,95,40,Reproduction number (Basic R0),NA,0,No units,0.85,1.22,Unspecified,NA,NA,NA,NA,NA,NA,NA,NA,NA,NA,FALSE,NA,NA,FALSE,FALSE,Mid outbreak,NA,Compartmental model,Time,TRUE,FALSE,NA,NA,NA,NA,NA,Unspecified,Population based,General population,NA,NA,NA,Guinea,NA,27,May-05,2014,1,Jun-06,2015,NA,FALSE,NA,NA,FALSE,Unspecified,Reproduction number,Rebecca Nash,1,1,0
1,701,Sabine,5_Sabine,12_Sabine,Sabine,12,5,Reproduction number (Basic R0),1.26,NA,NA,NA,NA,NA,NA,NA,NA,NA,NA,NA,NA,NA,NA,NA,FALSE,NA,NA,FALSE,FALSE,Mid outbreak,NA,Compartmental model,NA,FALSE,FALSE,NA,NA,NA,NA,NA,NA,NA,NA,NA,NA,NA,Sierra Leone,NA,27,05-May,2014,23,09-Sep,2014,NA,FALSE,NA,NA,FALSE,Unspecified,Reproduction number,Sabine,1,1,0
1,701,Sabine,5_Sabine,13_Sabine,Sabine,13,5,Reproduction number (Basic R0),1.54,NA,NA,NA,NA,NA,NA,NA,NA,NA,NA,NA,NA,NA,NA,NA,FALSE,NA,NA,FALSE,FALSE,Mid outbreak,NA,Compartmental model,NA,FALSE,FALSE,NA,NA,NA,NA,NA,NA,NA,NA,NA,NA,NA,Liberia,NA,17,06-Jun,2014,23,09-Sep,2014,NA,FALSE,NA,NA,FALSE,Unspecified,Reproduction number,Sabine,1,1,0
1,754,Christian,7_Christian,16_Christian,Christian,16,7,Reproduction number (Basic R0),1.116,0,No units,NA,NA,NA,NA,NA,1.115,1.116,CI95%,NA,NA,NA,NA,NA,FALSE,NA,NA,FALSE,FALSE,NA,NA,Compartmental model,NA,FALSE,FALSE,NA,NA,NA,NA,NA,Unspecified,NA,NA,NA,NA,NA,Guinea,NA,1,03-Mar,2014,18,03-Mar,2015,NA,FALSE,NA,NA,FALSE,Unspecified,Reproduction number,Christian,1,1,0
1,754,Christian,7_Christian,17_Christian,Christian,17,7,Reproduction number (Basic R0),1.226,0,No units,NA,NA,NA,NA,NA,1.225,1.228,CI95%,NA,NA,NA,NA,NA,FALSE,NA,NA,FALSE,FALSE,NA,NA,Compartmental model,NA,FALSE,FALSE,NA,NA,NA,NA,NA,Unspecified,NA,NA,NA,NA,NA,Liberia,NA,1,03-Mar,2014,18,03-Mar,2015,NA,FALSE,NA,NA,FALSE,Unspecified,Reproduction number,Christian,1,1,0
1,754,Christian,7_Christian,18_Christian,Christian,18,7,Reproduction number (Basic R0),1.181,0,No units,NA,NA,NA,NA,NA,1.181,1.182,CI95%,NA,NA,NA,NA,NA,FALSE,NA,NA,FALSE,FALSE,NA,NA,Compartmental model,NA,FALSE,FALSE,NA,NA,NA,NA,NA,Unspecified,NA,NA,NA,NA,NA,Sierra Leone,NA,1,03-Mar,2014,18,03-Mar,2015,NA,FALSE,NA,NA,FALSE,Unspecified,Reproduction number,Christian,1,1,0
1,847,Ettie Unwin,41_Ettie Unwin,76_Ettie Unwin,Ettie Unwin,76,41,Severity - case fatality rate (CFR),64,0,Percentage (%),NA,NA,NA,NA,NA,NA,NA,NA,32,50,NA,NA,NA,FALSE,NA,NA,FALSE,FALSE,NA,Unspecified,NA,Level of exposure,FALSE,TRUE,NA,NA,NA,NA,NA,Both,Community based,Persons under investigation,0,75,50,Sierra Leone,Kono District,1,Dec-12,2014,28,Feb-02,2015,NA,FALSE,NA,NA,FALSE,Unspecified,Severity,Ettie Unwin,1,1,0
1,847,Ettie Unwin,41_Ettie Unwin,77_Ettie Unwin,Ettie Unwin,77,41,Reproduction number (Basic R0),0.93,0,No units,NA,NA,Mean,NA,NA,0.15,2.3,CI95%,NA,NA,Negative-Binomial,9.83,Variance,TRUE,NA,NA,FALSE,FALSE,NA,NA,Empirical (contact tracing),Level of exposure,FALSE,TRUE,NA,NA,NA,NA,NA,Both,Community based,Persons under investigation,0,75,50,Sierra Leone,Kono District,1,Dec-12,2014,28,Feb-02,2015,NA,FALSE,NA,NA,FALSE,Unspecified,Reproduction number,Ettie Unwin,1,1,0
1,847,Ettie Unwin,41_Ettie Unwin,78_Ettie Unwin,Ettie Unwin,78,41,Reproduction number (Basic R0),0.29,0,No units,NA,NA,Mean,NA,NA,0.11,0.55,NA,NA,NA,Negative-Binomial,0.49,Variance,TRUE,NA,NA,FALSE,FALSE,NA,NA,Empirical (contact tracing),Level of exposure,FALSE,TRUE,NA,NA,NA,NA,NA,Both,Community based,Persons under investigation,0,75,49,Sierra Leone,Kono District,1,Dec-12,2014,28,Feb-02,2015,NA,FALSE,NA,NA,FALSE,Unspecified,Reproduction number,Ettie Unwin,1,1,0
1,847,Ettie Unwin,41_Ettie Unwin,79_Ettie Unwin,Ettie Unwin,79,41,Human delay - other human delay (go to section),NA,0,Days,2.5,4,Mean,NA,NA,NA,NA,NA,NA,NA,NA,NA,NA,FALSE,NA,NA,FALSE,FALSE,NA,NA,NA,Level of exposure,FALSE,TRUE,NA,NA,NA,NA,NA,Both,Community based,Persons under investigation,0,75,50,Sierra Leone,Kono District,1,Dec-12,2014,28,Feb-02,2015,NA,FALSE,Symptom Onset/Fever,Removal from community,FALSE,Unspecified,Human delay,Ettie Unwin,1,1,0
1,847,Ettie Unwin,41_Ettie Unwin,80_Ettie Unwin,Ettie Unwin,80,41,Human delay - other human delay (go to section),NA,0,Days,2,3,Median,NA,NA,NA,NA,NA,NA,NA,NA,NA,NA,FALSE,NA,NA,FALSE,FALSE,NA,NA,NA,Level of exposure,FALSE,TRUE,NA,NA,NA,NA,NA,Both,Community based,Persons under investigation,0,75,50,Sierra Leone,Kono District,1,Dec-12,2014,28,Feb-02,2015,NA,FALSE,Symptom Onset/Fever,Removal from community,FALSE,Unspecified,Human delay,Ettie Unwin,1,1,0
1,847,Sequoia,37_Sequoia,72_Sequoia,Sequoia,72,37,Severity - case fatality rate (CFR),62.8,0,Percentage (%),NA,NA,NA,NA,NA,NA,NA,NA,27,43,NA,NA,NA,FALSE,NA,NA,FALSE,FALSE,NA,Unspecified,NA,Level of exposure,FALSE,TRUE,NA,NA,NA,NA,NA,Both,Community based,Persons under investigation,0,75,43,Sierra Leone,Kono District,1,Dec-12,2014,28,Feb-02,2015,NA,FALSE,NA,NA,FALSE,Unspecified,Severity,Sequoia,1,1,0
1,865,Dariya Nikitin,4_Dariya Nikitin,23_Dariya Nikitin,Dariya Nikitin,23,4,Reproduction number (Basic R0),2.18,0,No units,1.65,2.18,Median,NA,NA,1.24,3.55,Highest Posterior Density Interval 95%,NA,NA,NA,NA,NA,FALSE,NA,NA,FALSE,FALSE,Start outbreak,NA,Genomics,NA,FALSE,FALSE,NA,NA,NA,NA,NA,Unspecified,Unspecified,Unspecified,NA,NA,72,Sierra Leone,Sierra Leone,25,05-May,2014,18,06-Jun,2014,Whole genome,FALSE,NA,NA,FALSE,Unspecified,Reproduction number,Dariya Nikitin,1,1,0
1,865,Dariya Nikitin,4_Dariya Nikitin,24_Dariya Nikitin,Dariya Nikitin,24,4,Human delay - incubation period,4.92,0,Days,2.3,5.6,Median,NA,NA,2.11,23.2,Highest Posterior Density Interval 95%,NA,NA,NA,NA,NA,FALSE,NA,NA,FALSE,FALSE,Start outbreak,NA,NA,NA,FALSE,FALSE,NA,NA,NA,NA,NA,Unspecified,Unspecified,Unspecified,NA,NA,72,Sierra Leone,Sierra Leone,25,05-May,2014,18,06-Jun,2014,Whole genome,FALSE,NA,NA,FALSE,Unspecified,Human delay,Dariya Nikitin,1,1,0
1,865,Dariya Nikitin,4_Dariya Nikitin,25_Dariya Nikitin,Dariya Nikitin,25,4,Human delay - infectious period,2.58,0,Days,2.29,6.75,Median,NA,NA,1.24,6.98,Highest Posterior Density Interval 95%,NA,NA,NA,NA,NA,FALSE,NA,NA,FALSE,FALSE,Start outbreak,NA,NA,NA,FALSE,FALSE,NA,NA,NA,NA,NA,Unspecified,Unspecified,Unspecified,NA,NA,72,Sierra Leone,Sierra Leone,25,05-May,2014,18,06-Jun,2014,Whole genome,FALSE,NA,NA,FALSE,Unspecified,Human delay,Dariya Nikitin,1,1,0
1,885,Anne,36_Anne,76_Anne,Anne,76,36,Human delay - other human delay (go to section),NA,0,Days,3,3.6,NA,NA,NA,NA,NA,NA,NA,NA,NA,NA,NA,FALSE,NA,NA,FALSE,FALSE,Mid outbreak,NA,NA,Time,TRUE,TRUE,NA,NA,NA,NA,NA,Unspecified,NA,NA,NA,NA,NA,Sierra Leone,NA,21,12-Dec,2014,15,08-Aug,2015,NA,FALSE,Symptom Onset/Fever,Death,FALSE,Unspecified,Human delay,Anne,1,1,0
1,885,Anne,36_Anne,77_Anne,Anne,77,36,Human delay - other human delay (go to section),NA,0,Days,8,20,NA,NA,NA,NA,NA,NA,NA,NA,NA,NA,NA,FALSE,NA,NA,FALSE,FALSE,Mid outbreak,NA,NA,Time,TRUE,TRUE,NA,NA,NA,NA,NA,Unspecified,NA,NA,NA,NA,NA,Sierra Leone,NA,21,12-Dec,2014,15,08-Aug,2015,NA,FALSE,Symptom Onset/Fever,Recovery/non-Infectiousness,FALSE,Unspecified,Human delay,Anne,1,1,0
1,885,Anne,36_Anne,78_Anne,Anne,78,36,Severity - case fatality rate (CFR),NA,0,Percentage (%),10,39,NA,NA,NA,NA,NA,NA,NA,NA,NA,NA,NA,FALSE,NA,NA,FALSE,FALSE,Mid outbreak,Unspecified,NA,Time,TRUE,TRUE,NA,NA,NA,NA,NA,Unspecified,NA,NA,NA,NA,NA,Sierra Leone,NA,21,12-Dec,2014,15,08-Aug,2015,NA,FALSE,NA,NA,FALSE,Unspecified,Severity,Anne,1,1,0
1,885,Anne,36_Anne,79_Anne,Anne,79,36,"Reproduction number (Effective, Re)",NA,0,No units,0.68,1.98,NA,NA,NA,NA,NA,NA,NA,NA,NA,NA,NA,FALSE,NA,NA,FALSE,FALSE,Mid outbreak,NA,Compartmental model,Time,TRUE,TRUE,NA,NA,NA,NA,NA,Unspecified,NA,NA,NA,NA,NA,Sierra Leone,NA,21,12-Dec,2014,15,08-Aug,2015,NA,FALSE,NA,NA,FALSE,Unspecified,Reproduction number,Anne,1,1,0
1,1030,Ettie Unwin,40_Ettie Unwin,75_Ettie Unwin,Ettie Unwin,75,40,Attack rate,9,0,Percentage (%),4,31,NA,NA,NA,NA,NA,NA,NA,NA,NA,NA,NA,FALSE,NA,NA,FALSE,FALSE,Mid outbreak,NA,NA,Occupation,TRUE,FALSE,NA,NA,NA,NA,NA,Both,Hospital based,Healthcare workers,NA,NA,429,Democratic Republic of the Congo,Kikwit and surrounding towns,NA,05-May,1995,NA,07-Jul,1995,NA,FALSE,NA,NA,FALSE,Unspecified,Other,Ettie Unwin,1,1,0
1,1044,Joseph,1_Joseph,2_Joseph,Joseph,2,1,Attack rate,7.29,0,Percentage (%),NA,NA,Unspecified,NA,NA,4.38,11.28,CI95%,NA,NA,NA,NA,NA,FALSE,NA,NA,FALSE,FALSE,NA,NA,NA,NA,FALSE,FALSE,NA,NA,NA,NA,NA,Both,Household based,General population,18,NA,247,Guinea,Meliandou,22,06-Jun,2017,9,07-Jul,2017,NA,FALSE,NA,NA,FALSE,Zaire Ebola virus (EBOV),Other,Joseph,1,1,0
1,1044,Joseph,1_Joseph,4_Joseph,Joseph,4,1,Risk factors,NA,0,NA,NA,NA,NA,NA,NA,NA,NA,NA,NA,NA,NA,NA,NA,FALSE,NA,NA,FALSE,FALSE,NA,NA,NA,NA,FALSE,FALSE,Infection,Age;Close contact;Other;Sex,Healthcare;Other,Significant,Adjusted,Both,Household based,General population,18,NA,247,Guinea,Meliandou,22,06-Jun,2017,9,07-Jul,2017,NA,FALSE,NA,NA,FALSE,Zaire Ebola virus (EBOV),Risk factors,Joseph,1,1,0
1,1044,Joseph,1_Joseph,4_Joseph,Joseph,4,1,Risk factors,NA,0,NA,NA,NA,NA,NA,NA,NA,NA,NA,NA,NA,NA,NA,NA,FALSE,NA,NA,FALSE,FALSE,NA,NA,NA,NA,FALSE,FALSE,Infection,Other;Occupation,Healthcare;Other,Not Significant,Adjusted,Both,Household based,General population,18,NA,247,Guinea,Meliandou,22,06-Jun,2017,9,07-Jul,2017,NA,FALSE,NA,NA,FALSE,Zaire Ebola virus (EBOV),Risk factors,Joseph,1,1,0
1,1044,Joseph,1_Joseph,1_Joseph,Joseph,1,1,Seroprevalence - IgG,3.57,0,Percentage (%),NA,NA,Unspecified,NA,NA,1.55,6.92,CI95%,8,224,NA,NA,NA,FALSE,NA,NA,FALSE,FALSE,Post outbreak,NA,NA,NA,FALSE,FALSE,NA,NA,NA,NA,NA,Both,Household based,General population,18,NA,224,Guinea,Meliandou,22,06-Jun,2017,9,07-Jul,2017,NA,FALSE,NA,NA,FALSE,Zaire Ebola virus (EBOV),Seroprevalence,Joseph,1,1,0
1,1044,Joseph,1_Joseph,3_Joseph,Joseph,3,1,Severity - case fatality rate (CFR),55.6,0,Percentage (%),NA,NA,Unspecified,NA,NA,30.8,78.5,CI95%,10,18,NA,NA,NA,FALSE,NA,NA,FALSE,FALSE,Post outbreak,Unspecified,NA,NA,FALSE,FALSE,NA,NA,NA,NA,NA,Both,Household based,General population,18,NA,237,Guinea,Meliandou,22,06-Jun,2017,9,07-Jul,2017,NA,FALSE,NA,NA,FALSE,Zaire Ebola virus (EBOV),Severity,Joseph,1,1,0
1,2548,Anne,37_Anne,80_Anne,Anne,80,37,Mutations - evolutionary rate,10.93,-4,Substitutions/site/year,7.66,13.94,Unspecified,NA,NA,0.52,24.61,Highest Posterior Density Interval 95%,NA,NA,NA,NA,NA,FALSE,NA,NA,FALSE,FALSE,NA,NA,NA,NA,TRUE,FALSE,NA,NA,NA,NA,NA,NA,NA,NA,NA,NA,NA,NA,NA,NA,NA,1976,NA,NA,2008,glycoprotein (GP),FALSE,NA,NA,FALSE,Bundibugyo virus (BDBV)åÊ;Sudan virus (SUDV);TaÌø Forest virus (TAFV);Zaire Ebola virus (EBOV),Mutations,Anne,1,1,0
1,2548,Anne,37_Anne,80_Anne,Anne,80,37,Mutations - evolutionary rate,23.14,-4,Substitutions/site/year,NA,NA,Unspecified,NA,NA,16.49,31.66,Highest Posterior Density Interval 95%,NA,NA,NA,NA,NA,FALSE,NA,NA,FALSE,FALSE,NA,NA,NA,NA,TRUE,FALSE,NA,NA,NA,NA,NA,NA,NA,NA,NA,NA,NA,NA,NA,NA,NA,1976,NA,NA,2008,polymerase (L),FALSE,NA,NA,FALSE,Bundibugyo virus (BDBV)åÊ;Sudan virus (SUDV);TaÌø Forest virus (TAFV);Zaire Ebola virus (EBOV),Mutations,Anne,1,1,0
1,3096,Jack,3_Jack,5_Jack,Jack,5,3,Mutations - evolutionary rate,1.25,-3,Substitutions/site/year,NA,NA,Mean,NA,NA,NA,NA,NA,NA,NA,NA,NA,NA,FALSE,NA,NA,FALSE,FALSE,Mid outbreak,NA,NA,NA,FALSE,FALSE,NA,NA,NA,NA,NA,Unspecified,NA,NA,NA,NA,318,Guinea;Sierra Leone,NA,NA,NA,2014,NA,NA,2015,Coding-complete genomes,TRUE,NA,NA,FALSE,Zaire Ebola virus (EBOV),Mutations,Jack,1,1,0
1,6346,Anne,38_Anne,81_Anne,Anne,81,38,Human delay - incubation period,11.4,0,Days,8.3,11.7,Mean,NA,NA,NA,NA,NA,NA,NA,NA,NA,NA,FALSE,NA,NA,FALSE,FALSE,Unspecified,NA,NA,Other;Region,TRUE,FALSE,NA,NA,NA,NA,NA,Both,NA,NA,NA,NA,155,Guinea;Liberia;Sierra Leone,NA,30,12-Dec,2013,14,09-Sep,2014,NA,FALSE,NA,NA,FALSE,Zaire Ebola virus (EBOV),Human delay,Anne,1,1,0
1,6346,Anne,38_Anne,82_Anne,Anne,82,38,Human delay - serial interval,15.3,0,Days,11.6,19,Mean,9.3,Standard deviation (Sd),NA,NA,NA,NA,NA,NA,NA,NA,FALSE,NA,NA,FALSE,FALSE,Unspecified,NA,NA,Other;Region,TRUE,FALSE,NA,NA,NA,NA,NA,Both,NA,NA,NA,NA,92,Guinea;Liberia;Sierra Leone,NA,30,12-Dec,2013,14,09-Sep,2014,NA,FALSE,NA,NA,FALSE,Zaire Ebola virus (EBOV),Human delay,Anne,1,1,0
1,6346,Anne,38_Anne,83_Anne,Anne,83,38,Reproduction number (Basic R0),NA,0,No units,1.2,2.02,Mean,NA,NA,NA,NA,NA,NA,NA,NA,NA,NA,FALSE,NA,NA,FALSE,FALSE,Unspecified,NA,Renewal equations / Branching process,Region,TRUE,TRUE,NA,NA,NA,NA,NA,Both,NA,NA,NA,NA,NA,Guinea;Liberia;Nigeria;Sierra Leone,NA,30,12-Dec,2013,NA,NA,2014,NA,FALSE,NA,NA,FALSE,Zaire Ebola virus (EBOV),Reproduction number,Anne,1,1,0
1,6346,Anne,38_Anne,84_Anne,Anne,84,38,Doubling time,NA,0,Days,12.84,59.75,NA,NA,NA,NA,NA,NA,NA,NA,NA,NA,NA,FALSE,NA,NA,FALSE,FALSE,Unspecified,NA,NA,Region;Time,TRUE,TRUE,NA,NA,NA,NA,NA,Both,NA,NA,NA,NA,NA,Guinea;Liberia;Nigeria;Sierra Leone,NA,30,12-Dec,2014,31,08-Aug,2014,NA,FALSE,NA,NA,FALSE,Zaire Ebola virus (EBOV),Other,Anne,1,1,0
1,6346,Anne,38_Anne,85_Anne,Anne,85,38,"Reproduction number (Effective, Re)",NA,0,No units,1.38,1.81,Mean,NA,NA,NA,NA,NA,NA,NA,NA,NA,NA,FALSE,NA,NA,FALSE,FALSE,Unspecified,NA,NA,Region,TRUE,TRUE,NA,NA,NA,NA,NA,Both,NA,NA,NA,NA,NA,Guinea;Liberia;Sierra Leone,NA,30,12-Dec,2014,31,08-Aug,2014,NA,FALSE,NA,NA,FALSE,Zaire Ebola virus (EBOV),Reproduction number,Anne,1,1,0
1,6346,Anne,38_Anne,96_Anne,Anne,96,38,Risk factors,NA,0,NA,NA,NA,NA,NA,NA,NA,NA,NA,NA,NA,NA,NA,NA,FALSE,NA,NA,FALSE,FALSE,Unspecified,NA,NA,NA,FALSE,FALSE,Death,Age,NA,Significant,Adjusted,Both,NA,NA,NA,NA,NA,Guinea;Liberia;Nigeria;Sierra Leone,NA,30,12-Dec,2013,14,09-Sep,2014,NA,FALSE,NA,NA,FALSE,Zaire Ebola virus (EBOV),Risk factors,Anne,1,1,0
1,6346,Kelly McCain,39_Kelly McCain,72_Kelly McCain,Kelly McCain,72,39,Severity - case fatality rate (CFR),70.8,0,Percentage (%),31.6,84,NA,NA,NA,68.6,72.8,CI95%,NA,NA,NA,NA,NA,FALSE,NA,NA,FALSE,FALSE,Unspecified,Adjusted,NA,Age;Occupation;Region;Sex;Symptoms;Time; Other,TRUE,FALSE,NA,NA,NA,NA,NA,Both,NA,NA,NA,NA,1737,Guinea;Liberia;Nigeria;Sierra Leone,NA,30,12-Dec,2013,14,09-Sep,2014,NA,FALSE,NA,NA,FALSE,Zaire Ebola virus (EBOV),Severity,Kelly McCain,1,1,0
1,6346,Kelly McCain,39_Kelly McCain,74_Kelly McCain,Kelly McCain,74,39,Risk factors,NA,0,NA,NA,NA,NA,NA,NA,NA,NA,NA,NA,NA,NA,NA,NA,FALSE,NA,NA,FALSE,FALSE,Unspecified,NA,NA,NA,FALSE,FALSE,Death,Occupation;Sex,Healthcare,Not significant,Adjusted,Both,NA,NA,NA,NA,NA,Guinea;Liberia;Nigeria;Sierra Leone,NA,30,12-Dec,2013,14,09-Sep,2014,NA,FALSE,NA,NA,FALSE,Zaire Ebola virus (EBOV),Risk factors,Kelly McCain,1,1,0
1,6346,Kelly McCain,39_Kelly McCain,85_Kelly McCain,Kelly McCain,85,39,Human delay - time in care (length of stay),6.42,0,Days,4.99,6.88,Mean,NA,NA,NA,NA,NA,NA,NA,NA,NA,NA,FALSE,NA,NA,FALSE,FALSE,Unspecified,NA,NA,Region,TRUE,FALSE,NA,NA,NA,NA,NA,Both,NA,NA,NA,NA,NA,Guinea;Liberia;Sierra Leone,NA,30,12-Dec,2013,14,09-Sep,2014,NA,FALSE,NA,NA,FALSE,Zaire Ebola virus (EBOV),Human delay,Kelly McCain,1,1,0
1,6346,Kelly McCain,39_Kelly McCain,86_Kelly McCain,Kelly McCain,86,39,Human delay - other human delay (go to section),5,0,Days,4.1,5.3,Mean,4.7,Standard deviation (Sd),NA,NA,NA,NA,NA,NA,NA,NA,FALSE,NA,NA,FALSE,FALSE,Unspecified,NA,NA,Region,TRUE,FALSE,NA,NA,NA,NA,NA,Both,NA,NA,NA,NA,1135,Guinea;Liberia;Nigeria;Sierra Leone,NA,30,12-Dec,2013,14,09-Sep,2014,NA,FALSE,Symptom Onset/Fever,Admission to Care/Hospitalisation,FALSE,Zaire Ebola virus (EBOV),Human delay,Kelly McCain,1,1,0
1,6346,Kelly McCain,39_Kelly McCain,87_Kelly McCain,Kelly McCain,87,39,Human delay - other human delay (go to section),16.4,0,Days,15.4,17.2,Mean,6.5,Standard deviation (Sd),NA,NA,NA,NA,NA,NA,NA,NA,FALSE,NA,NA,FALSE,FALSE,Unspecified,NA,NA,Region,TRUE,FALSE,NA,NA,NA,NA,NA,Both,NA,NA,NA,NA,267,Guinea;Liberia;Sierra Leone,NA,30,12-Dec,2013,14,09-Sep,2014,NA,FALSE,Symptom Onset/Fever,Discharge from Care/Hospital,FALSE,Zaire Ebola virus (EBOV),Human delay,Kelly McCain,1,1,0
1,6346,Kelly McCain,39_Kelly McCain,88_Kelly McCain,Kelly McCain,88,39,Human delay - other human delay (go to section),7.5,0,Days,6.4,8.6,Mean,6.8,Standard deviation (Sd),NA,NA,NA,NA,NA,NA,NA,NA,FALSE,NA,NA,FALSE,FALSE,Unspecified,NA,NA,Region,TRUE,FALSE,NA,NA,NA,NA,NA,Both,NA,NA,NA,NA,594,Guinea;Liberia;Sierra Leone,NA,30,12-Dec,2013,14,09-Sep,2014,NA,FALSE,Symptom Onset/Fever,Death,FALSE,Zaire Ebola virus (EBOV),Human delay,Kelly McCain,1,1,0
1,6346,Kelly McCain,39_Kelly McCain,89_Kelly McCain,Kelly McCain,89,39,Human delay - other human delay (go to section),6.1,0,Days,3.9,7.5,Mean,8.5,Standard deviation (Sd),NA,NA,NA,NA,NA,NA,NA,NA,FALSE,NA,NA,FALSE,FALSE,Unspecified,NA,NA,Region,TRUE,FALSE,NA,NA,NA,NA,NA,Both,NA,NA,NA,NA,2185,Guinea;Liberia;Nigeria;Sierra Leone,NA,30,12-Dec,2013,14,09-Sep,2014,NA,FALSE,Symptom Onset/Fever,WHO notification,FALSE,Zaire Ebola virus (EBOV),Human delay,Kelly McCain,1,1,0
1,6346,Kelly McCain,39_Kelly McCain,90_Kelly McCain,Kelly McCain,90,39,Human delay - other human delay (go to section),11.8,0,Days,11,12.7,Mean,7.2,Standard deviation (Sd),NA,NA,NA,NA,NA,NA,NA,NA,FALSE,NA,NA,FALSE,FALSE,Unspecified,NA,NA,Region,TRUE,FALSE,NA,NA,NA,NA,NA,Both,NA,NA,NA,NA,312,Guinea;Liberia;Sierra Leone,NA,30,12-Dec,2013,14,09-Sep,2014,NA,FALSE,WHO notification,Discharge from Care/Hospital,FALSE,Zaire Ebola virus (EBOV),Human delay,Kelly McCain,1,1,0
1,6346,Kelly McCain,39_Kelly McCain,91_Kelly McCain,Kelly McCain,91,39,Human delay - other human delay (go to section),-3,0,Days,-4.4,-1.6,Mean,13.8,Standard deviation (Sd),NA,NA,NA,NA,NA,NA,NA,NA,FALSE,NA,NA,FALSE,FALSE,Unspecified,NA,NA,Region,TRUE,FALSE,NA,NA,NA,NA,NA,Both,NA,NA,NA,NA,584,Guinea;Liberia;Sierra Leone,NA,30,12-Dec,2013,14,09-Sep,2014,NA,FALSE,WHO notification,Death,FALSE,Zaire Ebola virus (EBOV),Human delay,Kelly McCain,1,1,0
1,6346,Kelly McCain,39_Kelly McCain,92_Kelly McCain,Kelly McCain,92,39,Human delay - other human delay (go to section),11.8,0,Days,11,12.8,Mean,6.1,Standard deviation (Sd),NA,NA,NA,NA,NA,NA,NA,NA,FALSE,NA,NA,FALSE,FALSE,Unspecified,NA,NA,Region,TRUE,FALSE,NA,NA,NA,NA,NA,Both,NA,NA,NA,NA,290,Guinea;Liberia;Sierra Leone,NA,30,12-Dec,2013,14,09-Sep,2014,NA,FALSE,Admission to Care/Hospitalisation,Discharge from Care/Hospital,FALSE,Zaire Ebola virus (EBOV),Human delay,Kelly McCain,1,1,0
1,6346,Kelly McCain,39_Kelly McCain,93_Kelly McCain,Kelly McCain,93,39,Human delay - other human delay (go to section),4.2,0,Days,2.5,4.5,Mean,6.4,Standard deviation (Sd),NA,NA,NA,NA,NA,NA,NA,NA,FALSE,NA,NA,FALSE,FALSE,Unspecified,NA,NA,Region,TRUE,FALSE,NA,NA,NA,NA,NA,Both,NA,NA,NA,NA,121,Guinea;Liberia;Sierra Leone,NA,30,12-Dec,2013,14,09-Sep,2014,NA,FALSE,Admission to Care/Hospitalisation,Death,FALSE,Zaire Ebola virus (EBOV),Human delay,Kelly McCain,1,1,0