Article_ID,fixed,only_notes_mismatch,Covidence_ID,Name_data_entry,Parameter_type,Parameter_FromFigure,Parameter value,Exponent,Parameter lower bound,Parameter upper bound,Inverse_param,Parameter unit,Parameter value type,Method_from_supplement,Parameter statistical approach,Parameter uncertainty - single type,Parameter uncertainty - single value,Parameter uncertainty - type,Parameter uncertainty - lower value,Parameter uncertainty - upper value,parameter_paired,Parameter 2 value,Exponent_2,Parameter 2 lower bound,Parameter 2 upper bound,Inverse_param_2,Parameter 2 unit,Method_2_from_supplement,Parameter 2 statistical approach,Parameter 2 uncertainty - single value,Parameter 2 uncertainty â€“ type,Parameter 2 uncertainty - lower value,Parameter 2 uncertainty - upper value,Genome_site,Genomic_sequence_available,Method_R,R_pathway,parameter_hd_from,Other_delay_start,parameter_hd_to,Other_delay_end,CFR_IFR_numerator,CFR_IFR_denominator,CFR_IFR_Method,Case_definition,seroprevalence_adjusted,Riskfactor_name,Riskfactor_occupation,Riskfactor_significant,Riskfactor_adjusted,Method_disaggregated,Method_disaggregated_only,Method_disaggregated_by,Population_sex,Population_sample_size,Population_sample_type,Population_group,Population_age_min,Population_age_max,Population_country,Population_location,parameter_context_location_type,Method_moment_value,Urban/Rural area,Data_available,parameter_notes,Riskfactor_outcome,Population_study_start_day,Population_study_start_month,Population_study_start_year,Population_study_end_day,Population_study_end_month,Population_study_end_year,Distribution_type,Distribution_par1_type,Distribution_par1_uncertainty,Distribution_par1_value,Distribution_par2_type,Distribution_par2_value,Distribution_par2_uncertainty,Distribution_2_type,Distribution_2_par1_type,Distribution_2_par1_value,Distribution_2_par1_uncertainty,Distribution_2_par2_type,Distribution_2_par2_value,Distribution_2_par2_uncertainty,Parameter_2_sample_paired_upper,Parameter_2_sample_paired_lower,Parameter 2 uncertainty - single type,Parameter 2 value type,Pathogen,access_param_id,num_rows,matching,flag_column
2,1,FALSE,292,Christian Morgenstern,Severity - case fatality rate (CFR),No,74,NA,NA,NA,No,Percentage (%),NA,No,Unspecified,NA,NA,NA,NA,NA,No,NA,NA,NA,NA,NA,NA,NA,NA,NA,NA,NA,NA,NA,NA,NA,NA,NA,NA,NA,NA,NA,66,Naive,Unspecified,Naive,NA,NA,NA,NA,No,No,NA,Both,66,Hospital based,Persons under investigation,NA,NA,India,"Siliguri, West Bengal","city, state",NA,Rural area,Not available,"74% is reported as approximate, with no exact numerator. But figure with deaths is provided so possible to get exact deaths.",NA,31,1,2001,23,2,2001,NA,NA,NA,NA,NA,NA,NA,NA,NA,NA,NA,NA,NA,NA,NA,NA,NA,NA,Nipah virus,002_001,1,0,
2,1,FALSE,292,Christian Morgenstern,Human delay - symptom onset>death,No,NA,NA,7,30,No,Days,NA,No,Observed sample statistic,NA,NA,NA,NA,NA,No,NA,NA,NA,NA,NA,NA,NA,NA,NA,NA,NA,NA,NA,NA,NA,NA,NA,NA,NA,NA,NA,NA,NA,NA,NA,NA,NA,NA,NA,No,No,NA,Unspecified,NA,Hospital based,Persons under investigation,NA,NA,India,"Siliguri, West Bengal","city, state",NA,Rural area,Not available,Sample: 10 + 5 + 2,NA,31,1,2001,23,2,2001,NA,NA,NA,NA,NA,NA,NA,NA,NA,NA,NA,NA,NA,NA,NA,NA,NA,NA,Nipah virus,002_002,1,0,
2,1,FALSE,292,Christian Morgenstern,Human delay - other human delay (go to section),No,NA,NA,1,10,No,Days,NA,No,Observed sample statistic,NA,NA,NA,NA,NA,No,NA,NA,NA,NA,NA,NA,NA,NA,NA,NA,NA,NA,NA,NA,NA,NA,Symptom Onset/Fever,NA,Diagnosis/test result,NA,NA,NA,NA,NA,NA,NA,NA,NA,NA,Yes,Yes,Other,Unspecified,NA,Hospital based,Persons under investigation,NA,NA,India,"Siliguri, West Bengal","city, state",NA,Rural area,Not available,NA,NA,31,1,2001,23,2,2001,NA,NA,NA,NA,NA,NA,NA,NA,NA,NA,NA,NA,NA,NA,NA,NA,NA,NA,Nipah virus,002_003,1,0,
2,1,FALSE,292,Christian Morgenstern,Seroprevalence - IgM,No,NA,NA,NA,NA,No,NA,NA,No,Observed sample statistic,NA,NA,NA,NA,NA,No,NA,NA,NA,NA,NA,NA,NA,NA,NA,NA,NA,NA,NA,NA,NA,NA,NA,NA,NA,NA,9,17,Naive,Lab confirmed,Naive,NA,NA,NA,NA,NA,NA,NA,Both,17,Hospital based,Persons under investigation,NA,NA,India,"Siliguri, West Bengal","city, state",NA,Rural area,Not available,NA,NA,31,1,2001,23,2,2001,NA,NA,NA,NA,NA,NA,NA,NA,NA,NA,NA,NA,NA,NA,NA,NA,NA,NA,Nipah virus,002_004,1,0,
2,1,FALSE,292,Christian Morgenstern,Seroprevalence - IgG,No,NA,NA,NA,NA,No,NA,NA,No,Observed sample statistic,NA,NA,NA,NA,NA,No,NA,NA,NA,NA,NA,NA,NA,NA,NA,NA,NA,NA,NA,NA,NA,NA,NA,NA,NA,NA,10,17,Naive,Lab confirmed,Naive,NA,NA,NA,NA,NA,NA,NA,Both,17,Hospital based,Persons under investigation,NA,NA,India,"Siliguri, West Bengal","city, state",NA,Rural area,Not available,Numerator of 10 not directly stated - but counted from table and inferred from the text.,NA,31,1,2001,23,2,2001,NA,NA,NA,NA,NA,NA,NA,NA,NA,NA,NA,NA,NA,NA,NA,NA,NA,NA,Nipah virus,002_005,1,0,
3,1,FALSE,291,Tristan Naidoo,Seroprevalence - IgG,NA,NA,NA,NA,NA,NA,NA,Unspecified,NA,Observed sample statistic,NA,NA,NA,NA,NA,NA,NA,NA,NA,NA,NA,NA,NA,NA,NA,NA,NA,NA,NA,NA,NA,NA,NA,NA,NA,NA,21,1469,NA,Lab confirmed,NA,NA,NA,NA,NA,NA,NA,NA,Unspecified,1469,Trade / business based,Mixed groups,NA,NA,Singapore,NA,NA,Start outbreak,Urban area,Not available,NA,NA,14,2,1999,NA,NA,NA,NA,NA,NA,NA,NA,NA,NA,NA,NA,NA,NA,NA,NA,NA,NA,NA,NA,NA,Nipah virus,003_001,1,0,
3,1,FALSE,291,Tristan Naidoo,Seroprevalence - IgM,NA,NA,NA,NA,NA,NA,NA,NA,NA,Observed sample statistic,NA,NA,NA,NA,NA,NA,NA,NA,NA,NA,NA,NA,NA,NA,NA,NA,NA,NA,NA,NA,NA,NA,NA,NA,NA,NA,20,1469,NA,Lab confirmed,NA,NA,NA,NA,NA,NA,NA,NA,Unspecified,1469,Trade / business based,Mixed groups,NA,NA,Singapore,NA,NA,Start outbreak,Urban area,Not available,"All positive cases in abattoir works, age range of positive cases 24-65 years",NA,14,2,1999,NA,NA,NA,NA,NA,NA,NA,NA,NA,NA,NA,NA,NA,NA,NA,NA,NA,NA,NA,NA,NA,Nipah virus,003_002,1,0,
3,1,FALSE,291,Tristan Naidoo,Seroprevalence - PRNT,NA,NA,NA,NA,NA,NA,NA,NA,NA,Observed sample statistic,NA,NA,NA,NA,NA,NA,NA,NA,NA,NA,NA,NA,NA,NA,NA,NA,NA,NA,NA,NA,NA,NA,NA,NA,NA,NA,4,7,NA,Lab confirmed,Adjusted,NA,NA,NA,NA,NA,NA,NA,Male,7,Trade / business based,Abattoir workers,NA,NA,Singapore,NA,NA,Start outbreak,Urban area,Not available,NA,NA,14,2,1999,NA,NA,NA,NA,NA,NA,NA,NA,NA,NA,NA,NA,NA,NA,NA,NA,NA,NA,NA,NA,NA,Nipah virus,003_003,1,0,
8,1,FALSE,2892,Christian Morgenstern,Seroprevalence - IgG,No,11.7,NA,NA,NA,No,Percentage (%),Mean,No,Observed sample statistic,NA,NA,CI95%,5.99,19.97,No,NA,NA,NA,NA,NA,NA,NA,NA,NA,NA,NA,NA,NA,NA,NA,NA,NA,NA,NA,NA,11,94,Naive,Lab confirmed,Naive,NA,NA,NA,NA,Yes,NA,"Age,Sex,Other",Both,94,Community based,General population,3,73,Malaysia,Perak,state,Unspecified,Rural area,Not available,NA,NA,NA,NA,NA,NA,NA,NA,NA,NA,NA,NA,NA,NA,NA,NA,NA,NA,NA,NA,NA,NA,NA,NA,NA,NA,Nipah virus,008_001,1,0,
8,1,FALSE,2892,Christian Morgenstern,Seroprevalence - IgG,No,8.96,NA,NA,NA,No,Percentage (%),Mean,No,Observed sample statistic,NA,NA,CI95%,3.36,18.48,No,NA,NA,NA,NA,NA,NA,NA,NA,NA,NA,NA,NA,NA,NA,NA,NA,NA,NA,NA,NA,6,67,Naive,Lab confirmed,Naive,NA,NA,NA,NA,Yes,No,"Age,Sex,Other",Both,67,Community based,General population,3,73,Malaysia,Kelantan,state,Unspecified,Rural area,Not available,NA,NA,NA,NA,NA,NA,NA,NA,NA,NA,NA,NA,NA,NA,NA,NA,NA,NA,NA,NA,NA,NA,NA,NA,NA,NA,Nipah virus,008_002,1,0,
8,1,FALSE,2892,Christian Morgenstern,Seroprevalence - IgG,No,12.5,NA,NA,NA,No,Percentage (%),Mean,No,Observed sample statistic,NA,NA,CI95%,1.55,8.35,No,NA,NA,NA,NA,NA,NA,NA,NA,NA,NA,NA,NA,NA,NA,NA,NA,NA,NA,NA,NA,2,16,Naive,Lab confirmed,Naive,NA,NA,NA,NA,Yes,No,"Age,Sex,Other",Both,16,Community based,General population,3,73,Malaysia,Selangor,state,Unspecified,Rural area,Not available,Upper bound of confidence interval looks wrong.,NA,NA,NA,NA,NA,NA,NA,NA,NA,NA,NA,NA,NA,NA,NA,NA,NA,NA,NA,NA,NA,NA,NA,NA,NA,Nipah virus,008_003,1,0,
18,1,FALSE,42,Joseph Hicks,Seroprevalence - Unspecified,No,79,NA,NA,NA,No,Percentage (%),Central - unspecified,No,Observed sample statistic,NA,NA,NA,NA,NA,No,NA,NA,NA,NA,NA,NA,NA,NA,NA,NA,NA,NA,NA,NA,NA,NA,NA,NA,NA,NA,80,101,NA,NA,Naive,NA,NA,NA,NA,No,No,NA,Both,101,Hospital based,Persons with symptoms,NA,NA,Malaysia,Port Dickson,district,Mid outbreak,Unspecified,Not available,IgG and IgM combined,NA,NA,3,1999,NA,NA,1999,NA,NA,NA,NA,NA,NA,NA,NA,NA,NA,NA,NA,NA,NA,NA,NA,NA,NA,Nipah virus,018_001,1,0,
18,1,FALSE,42,Joseph Hicks,Seroprevalence - Unspecified,No,6,NA,NA,NA,No,Percentage (%),Central - unspecified,No,Observed sample statistic,NA,NA,NA,NA,NA,No,NA,NA,NA,NA,NA,NA,NA,NA,NA,NA,NA,NA,NA,NA,NA,NA,NA,NA,NA,NA,10,166,NA,NA,Naive,NA,NA,NA,NA,No,No,NA,Both,166,Community based,Mixed groups,NA,NA,Malaysia,Port Dickson,district,Mid outbreak,Unspecified,Not available,Community-farm controls: persons who lived/worked on pig farms with no human cases,NA,NA,3,1999,NA,NA,1999,NA,NA,NA,NA,NA,NA,NA,NA,NA,NA,NA,NA,NA,NA,NA,NA,NA,NA,Nipah virus,018_002,1,0,
18,1,FALSE,42,Joseph Hicks,Seroprevalence - Unspecified,No,11,NA,NA,NA,No,Percentage (%),Central - unspecified,No,Observed sample statistic,NA,NA,NA,NA,NA,NA,NA,NA,NA,NA,NA,NA,NA,NA,NA,NA,NA,NA,NA,NA,NA,NA,NA,NA,NA,NA,20,178,NA,NA,Naive,NA,NA,NA,NA,No,No,NA,Both,178,Other,Mixed groups,NA,NA,Malaysia,Port Dickson,district,Mid outbreak,Unspecified,Not available,Case-farm controls: persons who lived/worked on pig farm with known Nipah case,NA,NA,3,1999,NA,NA,1999,NA,NA,NA,NA,NA,NA,NA,NA,NA,NA,NA,NA,NA,NA,NA,NA,NA,NA,Nipah virus,018_003,1,0,
18,1,FALSE,42,Joseph Hicks,Risk factors,No,NA,NA,NA,NA,No,NA,NA,No,NA,NA,NA,NA,NA,NA,No,NA,NA,NA,NA,NA,NA,NA,NA,NA,NA,NA,NA,NA,NA,NA,NA,NA,NA,NA,NA,NA,NA,NA,NA,NA,"Occupation,Other",Other,Significant,Not adjusted,No,No,NA,Both,NA,Mixed settings,Mixed groups,NA,NA,Malaysia,Port Dickson,district,Mid outbreak,Unspecified,Not available,Cases compared to community-farm controls,Infection,NA,3,1999,NA,NA,1999,NA,NA,NA,NA,NA,NA,NA,NA,NA,NA,NA,NA,NA,NA,NA,NA,NA,NA,Nipah virus,018_004,1,0,Pigs
18,1,FALSE,42,Joseph Hicks,Risk factors,No,NA,NA,NA,NA,NA,NA,NA,NA,NA,NA,NA,NA,NA,NA,NA,NA,NA,NA,NA,NA,NA,NA,NA,NA,NA,NA,NA,NA,NA,NA,NA,NA,NA,NA,NA,NA,NA,NA,NA,NA,"Age,Sex,Other",NA,Not significant,Not adjusted,No,No,NA,Both,NA,Mixed settings,Mixed groups,NA,NA,Malaysia,Port Dickson,district,Mid outbreak,Unspecified,Not available,Cases compared to community-farm controls,Infection,NA,3,1999,NA,NA,1999,NA,NA,NA,NA,NA,NA,NA,NA,NA,NA,NA,NA,NA,NA,NA,NA,NA,NA,Nipah virus,018_005,1,0,Pigs
18,1,FALSE,42,Joseph Hicks,Risk factors,No,NA,NA,NA,NA,NA,NA,NA,NA,NA,NA,NA,NA,NA,NA,NA,NA,NA,NA,NA,NA,NA,NA,NA,NA,NA,NA,NA,NA,NA,NA,NA,NA,NA,NA,NA,NA,NA,NA,NA,NA,"Contact with animal,Occupation,Sex,Other",Other,Significant,Not adjusted,No,No,NA,Both,NA,Mixed settings,Mixed groups,NA,NA,Malaysia,Port Dickson,district,Mid outbreak,Unspecified,Not available,Cases compared with case-farm controls,Infection,NA,3,1999,NA,NA,1999,NA,NA,NA,NA,NA,NA,NA,NA,NA,NA,NA,NA,NA,NA,NA,NA,NA,NA,Nipah virus,018_006,1,0,Pigs
18,1,FALSE,42,Joseph Hicks,Risk factors,No,NA,NA,NA,NA,NA,NA,NA,NA,NA,NA,NA,NA,NA,NA,NA,NA,NA,NA,NA,NA,NA,NA,NA,NA,NA,NA,NA,NA,NA,NA,NA,NA,NA,NA,NA,NA,NA,NA,NA,NA,Other,NA,Not significant,Not adjusted,No,No,NA,Both,NA,Mixed settings,Mixed groups,NA,NA,Malaysia,Port Dickson,district,Mid outbreak,Unspecified,Not available,Cases compared with case-farm controls,Infection,NA,3,1999,NA,NA,1999,NA,NA,NA,NA,NA,NA,NA,NA,NA,NA,NA,NA,NA,NA,NA,NA,NA,NA,Nipah virus,018_007,1,0,Pigs
20,1,FALSE,21,Anne Cori,Seroprevalence - Unspecified,NA,NA,NA,NA,NA,NA,NA,NA,NA,Observed sample statistic,NA,NA,NA,NA,NA,NA,NA,NA,NA,NA,NA,NA,NA,NA,NA,NA,NA,NA,NA,NA,NA,NA,NA,NA,NA,NA,1,28,NA,NA,NA,NA,NA,NA,NA,No,No,NA,Both,28,Trade / business based,Animal workers,NA,NA,Malaysia,Seremban,town,Unspecified,NA,Not available,"exposed' group of pork sellers;  'The pork seller who tested positive also worked in an abattoir where he removed the urinary bladders from slaughtered pigs.' Additionally, did not use any PPE.",NA,NA,NA,1999,NA,NA,1999,NA,NA,NA,NA,NA,NA,NA,NA,NA,NA,NA,NA,NA,NA,NA,NA,NA,NA,Nipah virus,020_001,1,0,
20,1,FALSE,21,Anne Cori,Seroprevalence - Unspecified,No,NA,NA,NA,NA,NA,NA,NA,NA,Observed sample statistic,NA,NA,NA,NA,NA,NA,NA,NA,NA,NA,NA,NA,NA,NA,NA,NA,NA,NA,NA,NA,NA,NA,NA,NA,NA,NA,0,20,NA,NA,NA,NA,NA,NA,NA,NA,NA,NA,Both,20,Trade / business based,Other,NA,NA,Malaysia,Seremban,town,Unspecified,NA,Not available,"Control group, 'non-exposed' vendors selling items other than pork",NA,NA,NA,1999,NA,NA,1999,NA,NA,NA,NA,NA,NA,NA,NA,NA,NA,NA,NA,NA,NA,NA,NA,NA,NA,Nipah virus,020_002,1,0,
21,1,FALSE,103,Anne Cori,Severity - case fatality rate (CFR),NA,92,NA,NA,NA,NA,Percentage (%),Central - unspecified,No,Observed sample statistic,NA,NA,NA,NA,NA,NA,NA,NA,NA,NA,NA,NA,NA,NA,NA,NA,NA,NA,NA,NA,NA,NA,NA,NA,NA,NA,11,12,Unspecified,NA,NA,NA,NA,NA,NA,No,No,NA,Both,12,Hospital based,Persons with symptoms,5,85,Bangladesh,Tangail,district,NA,NA,NA,NA,NA,15,12,2004,31,1,2005,NA,NA,NA,NA,NA,NA,NA,NA,NA,NA,NA,NA,NA,NA,NA,NA,NA,NA,Nipah virus,021_001,1,0,
21,1,FALSE,103,Anne Cori,Human delay - symptom onset>death,No,5,NA,NA,NA,No,Days,Median,NA,Observed sample statistic,NA,NA,Range,4,9,NA,NA,NA,NA,NA,NA,NA,NA,NA,NA,NA,NA,NA,NA,NA,NA,NA,NA,NA,NA,NA,NA,NA,NA,NA,NA,NA,NA,NA,NA,No,No,NA,Both,12,Hospital based,Persons with symptoms,NA,NA,Bangladesh,Tangail,district,NA,NA,NA,death occurred a median of 5 days (range 4-9 days) after the first symptom of illness was reported,NA,15,12,2004,31,1,2005,NA,NA,NA,NA,NA,NA,NA,NA,NA,NA,NA,NA,NA,NA,NA,NA,NA,NA,Nipah virus,021_002,1,0,
21,1,FALSE,103,Anne Cori,Risk factors,NA,NA,NA,NA,NA,NA,NA,NA,NA,NA,NA,NA,NA,NA,NA,NA,NA,NA,NA,NA,NA,NA,NA,NA,NA,NA,NA,NA,NA,NA,NA,NA,NA,NA,NA,NA,NA,NA,NA,NA,NA,Other,NA,Significant,Adjusted,NA,NA,NA,Unspecified,NA,Hospital based,NA,NA,NA,Bangladesh,Tangail,district,Unspecified,NA,Not available,"outcome = illness, exposure = drinking raw date palm sap",Other,15,12,2004,31,1,2005,NA,NA,NA,NA,NA,NA,NA,NA,NA,NA,NA,NA,NA,NA,NA,NA,NA,NA,Nipah virus,021_005,1,0,
21,1,FALSE,103,Anne Cori,Risk factors,NA,NA,NA,NA,NA,NA,NA,NA,NA,NA,NA,NA,NA,NA,NA,NA,NA,NA,NA,NA,NA,NA,NA,NA,NA,NA,NA,NA,NA,NA,NA,NA,NA,NA,NA,NA,NA,NA,NA,NA,NA,Contact with animal,NA,Not significant,NA,NA,NA,NA,Unspecified,NA,Hospital based,NA,NA,NA,Bangladesh,Tangail,district,Unspecified,NA,Not available,outcome = case,Other,15,12,2004,31,1,2005,NA,NA,NA,NA,NA,NA,NA,NA,NA,NA,NA,NA,NA,NA,NA,NA,NA,NA,Nipah virus,021_006,1,0,
21,1,FALSE,103,Anne Cori,Risk factors,NA,NA,NA,NA,NA,NA,NA,NA,NA,NA,NA,NA,NA,NA,NA,NA,NA,NA,NA,NA,NA,NA,NA,NA,NA,NA,NA,NA,NA,NA,NA,NA,NA,NA,NA,NA,NA,NA,NA,NA,NA,Other,NA,NA,NA,NA,NA,NA,Unspecified,NA,Hospital based,NA,NA,NA,Bangladesh,Tangail,district,Unspecified,NA,Not available,outcome = case; exposure = climbing trees or having contact with ill persons who later died,Other,15,12,2004,31,1,2005,NA,NA,NA,NA,NA,NA,NA,NA,NA,NA,NA,NA,NA,NA,NA,NA,NA,NA,Nipah virus,021_007,1,0,
21,1,FALSE,103,Anne Cori,Risk factors,NA,NA,NA,NA,NA,NA,NA,NA,NA,NA,NA,NA,NA,NA,NA,NA,NA,NA,NA,NA,NA,NA,NA,NA,NA,NA,NA,NA,NA,NA,NA,NA,NA,NA,NA,NA,NA,NA,NA,NA,NA,"Contact with animal,Sex,Other",NA,NA,NA,NA,NA,NA,Unspecified,NA,Hospital based,NA,NA,NA,Bangladesh,Tangail,district,Unspecified,NA,Not available,outcome = encephalitis,Other,15,12,2004,31,1,2005,NA,NA,NA,NA,NA,NA,NA,NA,NA,NA,NA,NA,NA,NA,NA,NA,NA,NA,Nipah virus,021_008,1,0,
24,1,FALSE,192,Richard Sheppard,Seroprevalence - IgM,No,NA,NA,NA,NA,No,NA,NA,NA,NA,NA,NA,NA,NA,NA,No,NA,NA,NA,NA,NA,NA,NA,NA,NA,NA,NA,NA,NA,NA,NA,NA,NA,NA,NA,NA,0,105,NA,NA,Naive,NA,NA,NA,NA,No,No,NA,NA,105,Hospital based,Healthcare workers,17,60,Bangladesh,Dhaka Medical College Hospital,Medical College Hospital,Post outbreak,Unspecified,Unspecified,I've split the two populations (HCWs and cleaners) as they are not actually added together in the paper.,NA,24,3,2004,30,3,2004,NA,NA,NA,NA,NA,NA,NA,NA,NA,NA,NA,NA,NA,NA,NA,NA,NA,NA,Nipah virus,024_001,1,0,
24,1,FALSE,192,Richard Sheppard,Seroprevalence - IgG,No,NA,NA,NA,NA,No,NA,NA,NA,NA,NA,NA,NA,NA,NA,No,NA,NA,NA,NA,NA,NA,NA,NA,NA,NA,NA,NA,NA,NA,NA,NA,NA,NA,NA,NA,2,105,NA,NA,Naive,NA,NA,NA,NA,No,No,NA,NA,105,Hospital based,Healthcare workers,17,60,Bangladesh,Dhaka Medical College Hospital,Medical College Hospital,Post outbreak,Unspecified,Unspecified,NA,NA,24,3,2004,30,3,2004,NA,NA,NA,NA,NA,NA,NA,NA,NA,NA,NA,NA,NA,NA,NA,NA,NA,NA,Nipah virus,024_002,1,0,
24,1,FALSE,192,Richard Sheppard,Seroprevalence - IgM,No,NA,NA,NA,NA,No,NA,NA,NA,NA,NA,NA,NA,NA,NA,No,NA,NA,NA,NA,NA,NA,NA,NA,NA,NA,NA,NA,NA,NA,NA,NA,NA,NA,NA,NA,0,11,NA,NA,Naive,NA,NA,NA,NA,No,No,NA,NA,11,Hospital based,Other,17,60,Bangladesh,Dhaka Medical College Hospital,Medical College Hospital,Post outbreak,Unspecified,Unspecified,The group is cleaners at the hospital,NA,24,3,2004,30,3,2004,NA,NA,NA,NA,NA,NA,NA,NA,NA,NA,NA,NA,NA,NA,NA,NA,NA,NA,Nipah virus,024_003,1,0,
25,1,FALSE,345,Richard Sheppard,Human delay - other human delay (go to section),No,8.4,NA,NA,NA,No,Months,Mean,No,Observed sample statistic,NA,NA,Range,NA,22,No,NA,NA,NA,NA,NA,NA,NA,NA,NA,NA,NA,NA,NA,NA,NA,NA,Exposure/Infection,NA,Other,Neurological episode,NA,NA,NA,NA,NA,NA,NA,NA,NA,Yes,No,"Age,Sex,Symptoms,Other",Both,22,Hospital based,Persons under investigation,9,55,Malaysia,"Serembna Hospital, University of Malaya Medical Centre, Kuala Lumpur Hospital, Fatimah Hospital Ipoh, Sibu Hospital Sarawak",Treatment centres,Post outbreak,Unspecified,Not available,"The study group is those who have been infected (recovered, non-encephalitic or asymptomatic) with Nipah who had a later neurological episode (relapse or late-onset).",NA,NA,NA,NA,NA,NA,NA,NA,NA,NA,NA,NA,NA,NA,NA,NA,NA,NA,NA,NA,NA,NA,NA,NA,NA,Nipah virus,025_001,1,0,
25,1,FALSE,345,Richard Sheppard,Human delay - other human delay (go to section),No,7.6,NA,NA,NA,No,Months,Mean,No,Observed sample statistic,NA,NA,Range,NA,7,No,NA,NA,NA,NA,NA,NA,NA,NA,NA,NA,NA,NA,NA,NA,NA,NA,Other,First neurological episode,Other,Second neurological episode,NA,NA,NA,NA,NA,NA,NA,NA,NA,Yes,No,"Age,Sex,Symptoms,Other",Male,3,Hospital based,Persons under investigation,21,44,Malaysia,"Serembna Hospital, University of Malaya Medical Centre, Kuala Lumpur Hospital, Fatimah Hospital Ipoh, Sibu Hospital Sarawak",Treatment centres,Post outbreak,Unspecified,Not available,The values given in table 1 don't seem to match with the estimated mean.,NA,NA,NA,NA,NA,NA,NA,NA,NA,NA,NA,NA,NA,NA,NA,NA,NA,NA,NA,NA,NA,NA,NA,NA,NA,Nipah virus,025_002,1,0,
25,1,FALSE,345,Richard Sheppard,Human delay - symptom onset>admission to care,No,3.1,NA,NA,NA,No,Days,Mean,No,Observed sample statistic,NA,NA,Range,1,5,NA,NA,NA,NA,NA,NA,NA,NA,NA,NA,NA,NA,NA,NA,NA,NA,NA,NA,NA,NA,NA,NA,NA,NA,NA,NA,NA,NA,NA,NA,No,No,NA,Both,20,Hospital based,Persons under investigation,9,55,Malaysia,"Serembna Hospital, University of Malaya Medical Centre, Kuala Lumpur Hospital, Fatimah Hospital Ipoh, Sibu Hospital Sarawak",Treatment centres,Post outbreak,Unspecified,Not available,Two individuals whose symptoms progressed over months were not included in this data subset.,NA,NA,NA,NA,NA,NA,NA,NA,NA,NA,NA,NA,NA,NA,NA,NA,NA,NA,NA,NA,NA,NA,NA,NA,NA,Nipah virus,025_003,1,0,
25,1,FALSE,345,Richard Sheppard,Seroprevalence - IgG,No,NA,NA,NA,NA,No,NA,NA,NA,NA,NA,NA,NA,NA,NA,NA,NA,NA,NA,NA,NA,NA,NA,NA,NA,NA,NA,NA,NA,NA,NA,NA,NA,NA,NA,NA,22,22,Naive,Lab confirmed,Naive,NA,NA,NA,NA,No,No,NA,Both,22,Hospital based,Persons under investigation,9,55,Malaysia,"Serembna Hospital, University of Malaya Medical Centre, Kuala Lumpur Hospital, Fatimah Hospital Ipoh, Sibu Hospital Sarawak",Treatment centres,Post outbreak,Unspecified,Not available,Serum sample for antibodies,NA,NA,NA,NA,NA,NA,NA,NA,NA,NA,NA,NA,NA,NA,NA,NA,NA,NA,NA,NA,NA,NA,NA,NA,NA,Nipah virus,025_004,1,0,
25,1,FALSE,345,Richard Sheppard,Seroprevalence - IgM,NA,NA,NA,NA,NA,NA,NA,NA,NA,NA,NA,NA,NA,NA,NA,NA,NA,NA,NA,NA,NA,NA,NA,NA,NA,NA,NA,NA,NA,NA,NA,NA,NA,NA,NA,NA,10,22,Naive,Lab confirmed,Naive,NA,NA,NA,NA,No,No,NA,Both,22,Hospital based,Persons under investigation,9,55,Malaysia,"Serembna Hospital, University of Malaya Medical Centre, Kuala Lumpur Hospital, Fatimah Hospital Ipoh, Sibu Hospital Sarawak",Treatment centres,Post outbreak,Unspecified,Not available,Serum sample antibodies,NA,NA,NA,NA,NA,NA,NA,NA,NA,NA,NA,NA,NA,NA,NA,NA,NA,NA,NA,NA,NA,NA,NA,NA,NA,Nipah virus,025_005,1,0,
25,1,FALSE,345,Richard Sheppard,Severity - case fatality rate (CFR),No,18,NA,NA,NA,No,Percentage (%),Unspecified,No,Observed sample statistic,NA,NA,NA,NA,NA,NA,NA,NA,NA,NA,NA,NA,NA,NA,NA,NA,NA,NA,NA,NA,NA,NA,NA,NA,NA,NA,4,22,Naive,Clinically diagnosed/symptomatic,Naive,NA,NA,NA,NA,Yes,No,"Age,Sex,Symptoms,Other",Both,22,Hospital based,Persons under investigation,9,55,Malaysia,"Serembna Hospital, University of Malaya Medical Centre, Kuala Lumpur Hospital, Fatimah Hospital Ipoh, Sibu Hospital Sarawak",Treatment centres,Post outbreak,Unspecified,Not available,CFR for late-onset nipah 24 months after outbreak. Sample is those with relapsed or late-onset encephalitis.,NA,NA,NA,NA,NA,NA,NA,NA,NA,NA,NA,NA,NA,NA,NA,NA,NA,NA,NA,NA,NA,NA,NA,NA,NA,Nipah virus,025_006,1,0,
25,1,FALSE,345,Richard Sheppard,Risk factors,NA,NA,NA,NA,NA,NA,NA,NA,NA,NA,NA,NA,NA,NA,NA,NA,NA,NA,NA,NA,NA,NA,NA,NA,NA,NA,NA,NA,NA,NA,NA,NA,NA,NA,NA,NA,NA,NA,NA,NA,NA,Other,NA,Not significant,Not adjusted,No,No,NA,Both,12,Hospital based,Persons under investigation,NA,NA,Malaysia,"Serembna Hospital, University of Malaya Medical Centre, Kuala Lumpur Hospital, Fatimah Hospital Ipoh, Sibu Hospital Sarawak",Treatment centres,Post outbreak,Unspecified,Not available,Risk of death given focal discharges,Death (in general population),NA,NA,NA,NA,NA,NA,NA,NA,NA,NA,NA,NA,NA,NA,NA,NA,NA,NA,NA,NA,NA,NA,NA,NA,Nipah virus,025_007,1,0,
25,1,FALSE,345,Richard Sheppard,Risk factors,NA,NA,NA,NA,NA,NA,NA,NA,NA,NA,NA,NA,NA,NA,NA,NA,NA,NA,NA,NA,NA,NA,NA,NA,NA,NA,NA,NA,NA,NA,NA,NA,NA,NA,NA,NA,NA,NA,NA,NA,NA,NA,NA,Not significant,Not adjusted,No,No,NA,Both,12,Hospital based,Persons under investigation,NA,NA,Malaysia,"Serembna Hospital, University of Malaya Medical Centre, Kuala Lumpur Hospital, Fatimah Hospital Ipoh, Sibu Hospital Sarawak",Treatment centres,Post outbreak,Unspecified,Not available,"Risk of clinical seizure, given focal discharges.",Other,NA,NA,NA,NA,NA,NA,NA,NA,NA,NA,NA,NA,NA,NA,NA,NA,NA,NA,NA,NA,NA,NA,NA,NA,Nipah virus,025_008,1,0,
25,1,FALSE,345,Richard Sheppard,Seroprevalence - IgG,No,NA,NA,NA,NA,No,NA,NA,NA,NA,NA,NA,NA,NA,NA,NA,NA,NA,NA,NA,NA,NA,NA,NA,NA,NA,NA,NA,NA,NA,NA,NA,NA,NA,NA,NA,12,13,Naive,Lab confirmed,Naive,NA,NA,NA,NA,No,No,NA,Both,13,Hospital based,Persons under investigation,9,55,Malaysia,"Serembna Hospital, University of Malaya Medical Centre, Kuala Lumpur Hospital, Fatimah Hospital Ipoh, Sibu Hospital Sarawak",Treatment centres,Post outbreak,Unspecified,Not available,CSF sample for antibodies,NA,NA,NA,NA,NA,NA,NA,NA,NA,NA,NA,NA,NA,NA,NA,NA,NA,NA,NA,NA,NA,NA,NA,NA,NA,Nipah virus,025_009,1,0,
25,1,FALSE,345,Richard Sheppard,Seroprevalence - IgM,NA,NA,NA,NA,NA,NA,NA,NA,NA,NA,NA,NA,NA,NA,NA,NA,NA,NA,NA,NA,NA,NA,NA,NA,NA,NA,NA,NA,NA,NA,NA,NA,NA,NA,NA,NA,2,13,Naive,Lab confirmed,Naive,NA,NA,NA,NA,No,No,NA,Both,13,Hospital based,Persons under investigation,9,55,Malaysia,"Serembna Hospital, University of Malaya Medical Centre, Kuala Lumpur Hospital, Fatimah Hospital Ipoh, Sibu Hospital Sarawak",Treatment centres,Post outbreak,Unspecified,Not available,CSF sample antibodies,NA,NA,NA,NA,NA,NA,NA,NA,NA,NA,NA,NA,NA,NA,NA,NA,NA,NA,NA,NA,NA,NA,NA,NA,NA,Nipah virus,025_010,1,0,
27,1,FALSE,271,Rob Johnson,Human delay - incubation period,No,NA,NA,NA,NA,NA,NA,NA,NA,NA,NA,NA,NA,NA,NA,Yes,NA,NA,4,62,NA,Days,NA,Observed sample statistic,NA,NA,NA,NA,NA,NA,NA,NA,NA,NA,NA,NA,NA,NA,NA,NA,NA,NA,NA,NA,NA,No,NA,NA,Unspecified,NA,Population based,Persons under investigation,NA,NA,Malaysia,NA,NA,Post outbreak,Unspecified,Unspecified,NA,NA,29,9,1998,NA,12,1999,NA,NA,NA,NA,NA,NA,NA,NA,NA,NA,NA,NA,NA,NA,NA,NA,NA,NA,Nipah virus,027_002,1,0,
29,1,FALSE,184,Rob Johnson,Severity - case fatality rate (CFR),NA,68,NA,53,100,NA,Percentage (%),Central - unspecified,NA,Observed sample statistic,NA,NA,NA,NA,NA,NA,NA,NA,NA,NA,NA,NA,NA,NA,NA,NA,NA,NA,NA,NA,NA,NA,NA,NA,NA,NA,45,66,Naive,Probable,Naive,NA,NA,NA,NA,Yes,NA,Age,Both,66,Population based,Persons under investigation,12,70,India,"Siliguri, West Bengal",town,Unspecified,Unspecified,Unspecified,NA,NA,31,1,2001,23,2,2001,NA,NA,NA,NA,NA,NA,NA,NA,NA,NA,NA,NA,NA,NA,NA,NA,NA,NA,Nipah virus,029_002,1,0,
30,1,FALSE,833,Rob Johnson,Reproduction number (Basic R0),NA,0.48,NA,NA,NA,NA,NA,Unspecified,NA,Unspecified,NA,NA,NA,NA,NA,NA,NA,NA,NA,NA,NA,NA,NA,NA,NA,NA,NA,NA,NA,NA,Empirical (contact tracing),Human-human,NA,NA,NA,NA,NA,NA,NA,NA,NA,NA,NA,NA,NA,No,NA,NA,Unspecified,NA,Population based,Persons under investigation,NA,NA,Bangladesh,NA,NA,Unspecified,Rural area,Not available,NA,NA,NA,NA,2001,NA,NA,2007,NA,NA,NA,NA,NA,NA,NA,NA,NA,NA,NA,NA,NA,NA,NA,NA,NA,NA,Nipah virus,030_001,1,0,
30,1,FALSE,833,Rob Johnson,Human delay - incubation period,NA,9,NA,NA,NA,NA,Days,Median,NA,Observed sample statistic,NA,NA,NA,NA,NA,Yes,NA,NA,6,11,NA,Days,NA,NA,NA,NA,NA,NA,NA,NA,NA,NA,NA,NA,NA,NA,NA,NA,NA,NA,NA,NA,NA,NA,NA,NA,NA,NA,Unspecified,14,Contact based,Persons under investigation,NA,NA,Bangladesh,NA,NA,Unspecified,Rural area,Not available,NA,NA,NA,NA,2001,NA,NA,2007,NA,NA,NA,NA,NA,NA,NA,NA,NA,NA,NA,NA,NA,NA,NA,NA,NA,NA,Nipah virus,030_002,1,0,
30,1,FALSE,833,Rob Johnson,Severity - case fatality rate (CFR),NA,71,NA,NA,NA,NA,Percentage (%),Unspecified,NA,Observed sample statistic,NA,NA,NA,NA,NA,NA,NA,NA,NA,NA,NA,NA,NA,NA,NA,NA,NA,NA,NA,NA,NA,NA,NA,NA,NA,NA,87,122,Naive,Epidemiologically linked (contact tracing),Naive,NA,NA,NA,NA,No,NA,NA,Both,122,Population based,Persons under investigation,2,75,Bangladesh,NA,NA,Unspecified,Rural area,Not available,NA,NA,NA,NA,2001,NA,NA,2007,NA,NA,NA,NA,NA,NA,NA,NA,NA,NA,NA,NA,NA,NA,NA,NA,NA,NA,Nipah virus,030_003,1,0,
31,1,FALSE,86,Richard Sheppard,Seroprevalence - IgG,No,1.6,NA,0,9.4,No,Percentage (%),Unspecified,No,Observed sample statistic,NA,NA,NA,NA,NA,NA,NA,NA,NA,NA,NA,NA,NA,NA,NA,NA,NA,NA,NA,NA,NA,NA,NA,NA,NA,NA,7,435,NA,NA,Naive,NA,NA,NA,NA,Yes,No,"Level of exposure,Occupation,Region",Both,435,Trade / business based,Abattoir workers,NA,NA,Malaysia,Peninsular Malaysia,Registered abattoirs,Unspecified,Unspecified,Unspecified,"I've presented the serology for pigs and ruminant abattoir workers as the primary parameter value, but there is a separate sample of 'only ruminant' workers (0%) which I've included in the range.",NA,6,4,1999,20,4,1999,NA,NA,NA,NA,NA,NA,NA,NA,NA,NA,NA,NA,NA,NA,NA,NA,NA,NA,Nipah virus,031_001,1,0,
31,1,FALSE,86,Richard Sheppard,Seroprevalence - IgM,No,NA,NA,0,NA,No,Percentage (%),Unspecified,No,Observed sample statistic,NA,NA,NA,NA,NA,NA,NA,NA,NA,NA,NA,NA,NA,NA,NA,NA,NA,NA,NA,NA,NA,NA,NA,NA,NA,NA,6,435,NA,NA,Naive,NA,NA,NA,NA,Yes,No,"Occupation,Region",Both,435,Trade / business based,Abattoir workers,NA,NA,Malaysia,Peninsular Malaysia,Registered abattoirs,Unspecified,Unspecified,Unspecified,"This paper doesn't report the sero % for the main result, but does for the ruminant only sample.",NA,6,4,1999,20,4,1999,NA,NA,NA,NA,NA,NA,NA,NA,NA,NA,NA,NA,NA,NA,NA,NA,NA,NA,Nipah virus,031_002,1,0,
31,1,FALSE,86,Richard Sheppard,Risk factors,NA,NA,NA,NA,NA,NA,NA,NA,NA,NA,NA,NA,NA,NA,NA,NA,NA,NA,NA,NA,NA,NA,NA,NA,NA,NA,NA,NA,NA,NA,NA,NA,NA,NA,NA,NA,NA,NA,NA,NA,NA,Other,NA,Significant,Unspecified,NA,NA,NA,Both,435,Trade / business based,Abattoir workers,NA,NA,Malaysia,Peninsular Malaysia,Registered abattoirs,Unspecified,Unspecified,Unspecified,risk factor - being from 3 specific states in Malaysia,Serology,6,4,1999,20,4,1999,NA,NA,NA,NA,NA,NA,NA,NA,NA,NA,NA,NA,NA,NA,NA,NA,NA,NA,Nipah virus,031_003,1,0,
31,1,FALSE,86,Richard Sheppard,Risk factors,NA,NA,NA,NA,NA,NA,NA,NA,NA,NA,NA,NA,NA,NA,NA,NA,NA,NA,NA,NA,NA,NA,NA,NA,NA,NA,NA,NA,NA,NA,NA,NA,NA,NA,NA,NA,NA,NA,NA,NA,NA,"Contact with animal,Other",NA,Not significant,Unspecified,NA,NA,NA,Both,NA,Trade / business based,Abattoir workers,NA,NA,Malaysia,Peninsular Malaysia,Registered abattoirs,Unspecified,Unspecified,Unspecified,"risk factor = contact with live pigs, exposure to pigs in settings other than the abattoir, use of protective equipment and clothing",Serology,6,4,1999,20,4,1999,NA,NA,NA,NA,NA,NA,NA,NA,NA,NA,NA,NA,NA,NA,NA,NA,NA,NA,Nipah virus,031_004,1,0,
33,1,FALSE,851,Richard Sheppard,Severity - case fatality rate (CFR),No,73,NA,47,75,No,Percentage (%),Unspecified,No,Observed sample statistic,NA,NA,NA,NA,NA,NA,NA,NA,NA,NA,NA,NA,NA,NA,NA,NA,NA,NA,NA,NA,NA,NA,NA,NA,NA,NA,67,92,Naive,Probable,Naive,NA,NA,NA,NA,Yes,No,"Method,Region,Symptoms,Time",Both,92,Hospital based,Persons with symptoms,2,60,Bangladesh,"Meherpur, Naogaon, Rajbari, 7 other northwesten districts, Faridpur",districts,Mid outbreak,Unspecified,Unspecified,NA,NA,NA,4,2001,NA,4,2004,NA,NA,NA,NA,NA,NA,NA,NA,NA,NA,NA,NA,NA,NA,NA,NA,NA,NA,Nipah virus,033_001,1,0,
33,1,FALSE,851,Richard Sheppard,Seroprevalence - IgM,No,NA,NA,NA,NA,No,NA,NA,NA,NA,NA,NA,NA,NA,NA,NA,NA,NA,NA,NA,NA,NA,NA,NA,NA,NA,NA,NA,NA,NA,NA,NA,NA,NA,NA,NA,42,51,Naive,Probable,Naive,NA,NA,NA,NA,Yes,No,Other,Both,51,Hospital based,Persons with symptoms,NA,NA,Bangladesh,"Meherpur, Naogaon, Rajbari, 7 other northwesten districts, Faridpur",districts,Mid outbreak,Unspecified,Unspecified,NA,NA,NA,4,2001,NA,4,2004,NA,NA,NA,NA,NA,NA,NA,NA,NA,NA,NA,NA,NA,NA,NA,NA,NA,NA,Nipah virus,033_002,1,0,
33,1,FALSE,851,Richard Sheppard,Risk factors,No,NA,NA,NA,NA,NA,NA,NA,NA,NA,NA,NA,NA,NA,NA,NA,NA,NA,NA,NA,NA,NA,NA,NA,NA,NA,NA,NA,NA,NA,NA,NA,NA,NA,NA,NA,NA,NA,NA,NA,NA,"Age,Other",Unspecified,Significant,Not adjusted,NA,NA,NA,Both,92,Hospital based,Persons with symptoms,2,60,Bangladesh,"Meherpur, Naogaon, Rajbari, 7 other northwesten districts, Faridpur",districts,Mid outbreak,Unspecified,Unspecified,NA,Death (in general population),NA,4,2001,NA,4,2004,NA,NA,NA,NA,NA,NA,NA,NA,NA,NA,NA,NA,NA,NA,NA,NA,NA,NA,Nipah virus,033_003,1,0,
33,1,FALSE,851,Richard Sheppard,Risk factors,No,NA,NA,NA,NA,NA,NA,NA,NA,NA,NA,NA,NA,NA,NA,NA,NA,NA,NA,NA,NA,NA,NA,NA,NA,NA,NA,NA,NA,NA,NA,NA,NA,NA,NA,NA,NA,NA,NA,NA,NA,"Sex,Other",Unspecified,Not significant,Not adjusted,NA,NA,NA,Both,92,Hospital based,Persons with symptoms,2,60,Bangladesh,"Meherpur, Naogaon, Rajbari, 7 other northwesten districts, Faridpur",districts,Mid outbreak,Unspecified,Unspecified,NA,Death (in general population),NA,4,2001,NA,4,2004,NA,NA,NA,NA,NA,NA,NA,NA,NA,NA,NA,NA,NA,NA,NA,NA,NA,NA,Nipah virus,033_004,1,0,
33,1,FALSE,851,Richard Sheppard,Human delay - symptom onset>death,NA,7,NA,NA,NA,No,Days,Mean,No,Observed sample statistic,Standard deviation (Sd),4.6,Range,2,36,Yes,4.6,NA,NA,NA,NA,days,NA,NA,NA,NA,NA,NA,NA,NA,NA,NA,NA,NA,NA,NA,NA,NA,NA,NA,NA,NA,NA,NA,NA,NA,NA,NA,Both,67,Hospital based,Persons with symptoms,NA,NA,Bangladesh,"Meherpur, Naogaon, Rajbari, 7 other northwesten districts, Faridpur",districts,Mid outbreak,Unspecified,Unspecified,NA,NA,NA,4,2001,NA,4,2004,NA,NA,NA,NA,NA,NA,NA,NA,NA,NA,NA,NA,NA,NA,NA,NA,NA,NA,Nipah virus,033_005,1,0,
33,1,FALSE,851,Richard Sheppard,Human delay - incubation period,No,9,NA,NA,NA,No,Days,Median,No,Observed sample statistic,NA,NA,Range,6,11,NA,NA,NA,NA,NA,NA,NA,NA,NA,NA,NA,NA,NA,NA,NA,NA,NA,NA,NA,NA,NA,NA,NA,NA,NA,NA,NA,NA,NA,NA,NA,NA,NA,Both,11,Hospital based,Persons with symptoms,NA,NA,Bangladesh,"Meherpur, Naogaon, Rajbari, 7 other northwesten districts, Faridpur",districts,Mid outbreak,Unspecified,Unspecified,NA,NA,NA,4,2001,NA,4,2004,NA,NA,NA,NA,NA,NA,NA,NA,NA,NA,NA,NA,NA,NA,NA,NA,NA,NA,Nipah virus,033_006,1,0,
33,1,FALSE,851,Richard Sheppard,Human delay - other human delay (go to section),No,4,NA,NA,NA,No,Days,Median,No,Observed sample statistic,NA,NA,Range,0,10,NA,NA,NA,NA,NA,NA,NA,NA,NA,NA,NA,NA,NA,NA,NA,NA,NA,Symptom Onset/Fever,NA,NA,altered mental status,NA,NA,NA,NA,NA,NA,NA,NA,NA,No,No,NA,Both,82,Hospital based,Persons with symptoms,NA,NA,Bangladesh,"Meherpur, Naogaon, Rajbari, 7 other northwesten districts, Faridpur",districts,Mid outbreak,Unspecified,Unspecified,NA,NA,NA,4,2001,NA,4,2004,NA,NA,NA,NA,NA,NA,NA,NA,NA,NA,NA,NA,NA,NA,NA,NA,NA,NA,Nipah virus,033_007,1,0,
33,1,FALSE,851,Richard Sheppard,Human delay - other human delay (go to section),No,4,NA,NA,NA,No,Days,Median,No,Observed sample statistic,NA,NA,Range,0,13,NA,NA,NA,NA,NA,NA,NA,NA,NA,NA,NA,NA,NA,NA,NA,NA,NA,Symptom Onset/Fever,NA,NA,Cough with respiratory difficulty,NA,NA,NA,NA,NA,NA,NA,NA,NA,No,No,NA,Both,NA,Hospital based,Persons with symptoms,NA,NA,Bangladesh,"Meherpur, Naogaon, Rajbari, 7 other northwesten districts, Faridpur",districts,Mid outbreak,Unspecified,Unspecified,NA,NA,NA,4,2001,NA,4,2004,NA,NA,NA,NA,NA,NA,NA,NA,NA,NA,NA,NA,NA,NA,NA,NA,NA,NA,Nipah virus,033_008,1,0,
34,1,FALSE,274,Richard Sheppard,Risk factors,NA,NA,NA,NA,NA,NA,NA,NA,NA,NA,NA,NA,NA,NA,NA,NA,NA,NA,NA,NA,NA,NA,NA,NA,NA,NA,NA,NA,NA,NA,NA,NA,NA,NA,NA,NA,NA,NA,NA,NA,NA,Other,NA,Not significant,Not adjusted,NA,NA,NA,Both,103,Hospital based,Persons under investigation,NA,NA,Malaysia,Seremban Hospital,Hospital,Unspecified,Unspecified,Unspecified,Other' for riskfactors - serology. Very ambigious,Other,26,12,1998,21,4,1999,NA,NA,NA,NA,NA,NA,NA,NA,NA,NA,NA,NA,NA,NA,NA,NA,NA,NA,Nipah virus,034_002,1,0,
35,1,FALSE,2892,Rhys Earl,Risk factors,No,NA,NA,NA,NA,NA,NA,NA,NA,NA,NA,NA,NA,NA,NA,NA,NA,NA,NA,NA,NA,NA,NA,NA,NA,NA,NA,NA,NA,NA,NA,NA,NA,NA,NA,NA,NA,NA,NA,NA,NA,"Age, Contact with animal,Sex,Other",NA,Not significant,Not adjusted,No,No,Region,Both,177,Community based,General population,3,73,Malaysia,"Perak, Kelantan , Selangor",state,Unspecified,NA,Unspecified,"Other Risk Factors - Presence of domestic animals, employment status, village and subtribe?",Serology,NA,NA,NA,NA,NA,NA,NA,NA,NA,NA,NA,NA,NA,NA,NA,NA,NA,NA,NA,NA,NA,NA,NA,NA,Nipah virus,035_002,1,0,
35,1,FALSE,2892,Rhys Earl,Risk factors,NA,NA,NA,NA,NA,NA,NA,NA,NA,NA,NA,NA,NA,NA,NA,NA,NA,NA,NA,NA,NA,NA,NA,NA,NA,NA,NA,NA,NA,NA,NA,NA,NA,NA,NA,NA,NA,NA,NA,NA,NA,Age,NA,Significant,Not adjusted,Yes,No,Region,Both,177,Community based,General population,3,73,Malaysia,"Perak, Kelantan , Selangor",state,Unspecified,NA,Unspecified,Age as risk factor disaggregated by Region - or other way around? is this double counting?,Serology,NA,NA,NA,NA,NA,NA,NA,NA,NA,NA,NA,NA,NA,NA,NA,NA,NA,NA,NA,NA,NA,NA,NA,NA,Nipah virus,035_003,1,0,
38,1,FALSE,266,Ruth McCabe,Severity - case fatality rate (CFR),NA,NA,NA,NA,NA,NA,NA,NA,NA,NA,NA,NA,NA,NA,NA,NA,NA,NA,NA,NA,NA,NA,NA,NA,NA,NA,NA,NA,NA,NA,NA,NA,NA,NA,NA,NA,6,20,Naive,Lab confirmed,NA,NA,NA,NA,NA,Yes,No,Symptoms,Both,20,Hospital based,Mixed groups,14,57,Malaysia,"University Hospital, Kuala Lumpur, suspected to be infected with the virus from pig farms situated in Bukit Pelandok, Negeri Sembilan, Malaysia",NA,Unspecified,Unspecified,Unspecified,'Mixed groups' - people who have symptoms but then also were either virologically or serologically confirmed and pig farmers/work with pigs,NA,NA,NA,NA,NA,NA,NA,NA,NA,NA,NA,NA,NA,NA,NA,NA,NA,NA,NA,NA,NA,NA,NA,NA,NA,Nipah virus,038_001,1,0,
38,1,FALSE,266,Ruth McCabe,Risk factors,NA,NA,NA,NA,NA,NA,NA,NA,NA,NA,NA,NA,NA,NA,NA,NA,NA,NA,NA,NA,NA,NA,NA,NA,NA,NA,NA,NA,NA,NA,NA,NA,NA,NA,NA,NA,NA,NA,NA,NA,NA,Other,NA,Significant,Not adjusted,NA,NA,NA,Both,20,Hospital based,Mixed groups,14,57,Malaysia,"University Hospital, Kuala Lumpur, suspected to be infected with the virus from pig farms situated in Bukit Pelandok, Negeri Sembilan, Malaysia",NA,Unspecified,Unspecified,Unspecified,'Other' riskfactor outcome: virus isolation; 'other' riskfactor name - presence of IgM,Other,NA,NA,NA,NA,NA,NA,NA,NA,NA,NA,NA,NA,NA,NA,NA,NA,NA,NA,NA,NA,NA,NA,NA,NA,Nipah virus,038_002,1,0,
38,1,FALSE,266,Ruth McCabe,Risk factors,NA,NA,NA,NA,NA,NA,NA,NA,NA,NA,NA,NA,NA,NA,NA,NA,NA,NA,NA,NA,NA,NA,NA,NA,NA,NA,NA,NA,NA,NA,NA,NA,NA,NA,NA,NA,NA,NA,NA,NA,NA,"Age,Comorbidity,Sex,Other",NA,Not significant,Not adjusted,NA,NA,NA,Both,20,Hospital based,Mixed groups,14,57,Malaysia,"University Hospital, Kuala Lumpur, suspected to be infected with the virus from pig farms situated in Bukit Pelandok, Negeri Sembilan, Malaysia",NA,Unspecified,Unspecified,Unspecified,'Other' riskfactor outcome: virus isolation; 'other' riskfactor name - ethnic group; time since symptom onset; JE vaccination; symptoms,Other,NA,NA,NA,NA,NA,NA,NA,NA,NA,NA,NA,NA,NA,NA,NA,NA,NA,NA,NA,NA,NA,NA,NA,NA,Nipah virus,038_003,1,0,
39,1,FALSE,271,Ruth McCabe,Severity - case fatality rate (CFR),NA,38.5,NA,NA,NA,NA,Percentage (%),Central - unspecified,No,Observed sample statistic,NA,NA,NA,NA,NA,NA,NA,NA,NA,NA,NA,NA,NA,NA,NA,NA,NA,NA,NA,NA,NA,NA,NA,NA,NA,NA,109,283,Naive,Unspecified,Naive,NA,NA,NA,NA,Yes,No,Region,Both,283,Population based,Persons under investigation,NA,NA,Malaysia,NA,NA,Post outbreak,Unspecified,Unspecified,national level CFR,NA,29,9,1998,NA,12,1999,NA,NA,NA,NA,NA,NA,NA,NA,NA,NA,NA,NA,NA,NA,NA,NA,NA,NA,Nipah virus,039_001,1,0,
39,1,FALSE,271,Ruth McCabe,Severity - case fatality rate (CFR),No,NA,NA,NA,NA,NA,NA,NA,NA,Observed sample statistic,NA,NA,NA,NA,NA,NA,NA,NA,NA,NA,NA,NA,NA,NA,NA,NA,NA,NA,NA,NA,NA,NA,NA,NA,NA,NA,86,231,Naive,Unspecified,Naive,NA,NA,NA,NA,No,NA,NA,Unspecified,231,Population based,Persons under investigation,NA,NA,Malaysia,Negeri Sembalin,State,Post outbreak,Unspecified,Unspecified,NA,NA,29,9,1998,NA,12,1999,NA,NA,NA,NA,NA,NA,NA,NA,NA,NA,NA,NA,NA,NA,NA,NA,NA,NA,Nipah virus,039_002,1,0,
39,1,FALSE,271,Ruth McCabe,Severity - case fatality rate (CFR),No,NA,NA,NA,NA,NA,NA,NA,NA,Observed sample statistic,NA,NA,NA,NA,NA,NA,NA,NA,NA,NA,NA,NA,NA,NA,NA,NA,NA,NA,NA,NA,NA,NA,NA,NA,NA,NA,15,28,Naive,Unspecified,Naive,NA,NA,NA,NA,No,NA,NA,Unspecified,28,Population based,Persons under investigation,NA,NA,Malaysia,Perak,State,Post outbreak,Unspecified,Unspecified,NA,NA,29,9,1998,NA,12,1999,NA,NA,NA,NA,NA,NA,NA,NA,NA,NA,NA,NA,NA,NA,NA,NA,NA,NA,Nipah virus,039_003,1,0,"Yes - also note this was provided as ""4 days - 2 months"" - we have translated 2 months into 62 days as it was a bit incoherent otherwise"
39,1,FALSE,271,Ruth McCabe,Severity - case fatality rate (CFR),No,NA,NA,NA,NA,NA,NA,NA,NA,Observed sample statistic,NA,NA,NA,NA,NA,NA,NA,NA,NA,NA,NA,NA,NA,NA,NA,NA,NA,NA,NA,NA,NA,NA,NA,NA,NA,NA,8,24,Naive,Unspecified,Naive,NA,NA,NA,NA,No,NA,NA,Unspecified,24,Population based,Persons under investigation,NA,NA,Malaysia,Perak,State,Post outbreak,Unspecified,Unspecified,NA,NA,29,9,1998,NA,12,1999,NA,NA,NA,NA,NA,NA,NA,NA,NA,NA,NA,NA,NA,NA,NA,NA,NA,NA,Nipah virus,039_004,1,0,
40,1,FALSE,274,Ruth McCabe,Human delay - incubation period,NA,10,NA,NA,NA,NA,Days,Unspecified,NA,Unspecified,Other,NA,NA,NA,NA,Yes,8.7,NA,1,32,NA,Days,NA,NA,NA,NA,NA,NA,NA,NA,NA,NA,NA,NA,NA,NA,NA,NA,NA,NA,NA,NA,NA,NA,NA,No,No,NA,Unspecified,49,Hospital based,Persons under investigation,NA,NA,Malaysia,Seremban Hospital,Hospital,Unspecified,Unspecified,Unspecified,PUIs who left the pig farm before the onset of symptoms,NA,26,12,1998,21,4,1999,NA,NA,NA,NA,NA,NA,NA,NA,NA,NA,NA,NA,NA,NA,NA,NA,NA,NA,Nipah virus,040_001,1,0,Yes
40,1,FALSE,274,Ruth McCabe,Human delay - other human delay (go to section),No,5.8,NA,NA,NA,No,Days,Unspecified,NA,Unspecified,Other,NA,NA,NA,NA,Yes,4.2,NA,NA,NA,NA,NA,NA,NA,NA,NA,NA,NA,NA,NA,NA,NA,Symptom Onset/Fever,NA,Other,Intubation,NA,NA,NA,NA,NA,NA,NA,NA,NA,No,No,NA,Unspecified,62,Hospital based,Persons under investigation,NA,NA,Malaysia,Seremban Hospital,Hospital,Unspecified,Unspecified,Unspecified,NA,NA,26,12,1998,21,4,1999,NA,NA,NA,NA,NA,NA,NA,NA,NA,NA,NA,NA,NA,NA,NA,NA,NA,NA,Nipah virus,040_002,1,0,Yes
40,1,FALSE,274,Ruth McCabe,Human delay - other human delay (go to section),No,6.6,NA,NA,NA,NA,Days,Unspecified,NA,Unspecified,Other,NA,NA,NA,NA,Yes,5.4,NA,NA,NA,NA,NA,NA,NA,NA,NA,NA,NA,NA,NA,NA,NA,Other,Begin ventilation,Other,End ventilation,NA,NA,NA,NA,NA,NA,NA,NA,NA,No,No,NA,Unspecified,62,Hospital based,Persons under investigation,NA,NA,Malaysia,Seremban Hospital,Hospital,Unspecified,Unspecified,Unspecified,NA,NA,26,12,1998,21,4,1999,NA,NA,NA,NA,NA,NA,NA,NA,NA,NA,NA,NA,NA,NA,NA,NA,NA,NA,Nipah virus,040_003,1,0,Yes
40,1,FALSE,274,Ruth McCabe,Human delay - other human delay (go to section),No,5.8,NA,NA,NA,NA,Days,Unspecified,No,Unspecified,Other,NA,NA,NA,NA,Yes,4.8,NA,NA,NA,NA,NA,NA,NA,NA,NA,NA,NA,NA,NA,NA,NA,Symptom Onset/Fever,NA,Other,Lymphopaenia,NA,NA,NA,NA,NA,NA,NA,NA,NA,No,No,NA,Unspecified,62,Hospital based,Persons under investigation,NA,NA,Malaysia,Seremban Hospital,Hospital,Unspecified,Unspecified,Unspecified,NA,NA,26,12,1998,21,4,1999,NA,NA,NA,NA,NA,NA,NA,NA,NA,NA,NA,NA,NA,NA,NA,NA,NA,NA,Nipah virus,040_004,1,0,Yes
40,1,FALSE,274,Ruth McCabe,Human delay - other human delay (go to section),No,6,NA,NA,NA,NA,Days,Unspecified,NA,Unspecified,Other,NA,NA,NA,NA,Yes,4.3,NA,NA,NA,NA,NA,NA,NA,NA,NA,NA,NA,NA,NA,NA,NA,Symptom Onset/Fever,NA,Other,Thrombocytopaenia,NA,NA,NA,NA,NA,NA,NA,NA,NA,No,No,NA,Unspecified,62,Hospital based,Persons under investigation,NA,NA,Malaysia,Seremban Hospital,Hospital,Unspecified,Unspecified,Unspecified,NA,NA,26,12,1998,21,4,1999,NA,NA,NA,NA,NA,NA,NA,NA,NA,NA,NA,NA,NA,NA,NA,NA,NA,NA,Nipah virus,040_005,1,0,Yes
40,1,FALSE,274,Ruth McCabe,Seroprevalence - IgM,No,81,NA,NA,NA,NA,Percentage (%),Central - unspecified,NA,Observed sample statistic,NA,NA,NA,NA,NA,NA,NA,NA,NA,NA,NA,NA,NA,NA,NA,NA,NA,NA,NA,NA,NA,NA,NA,NA,NA,NA,91,NA,Naive,Lab confirmed,Naive,NA,NA,NA,NA,No,NA,NA,Unspecified,103,Hospital based,Persons under investigation,NA,NA,Malaysia,Seremban Hospital,Hospital,Unspecified,Unspecified,Unspecified,"serum, unclear denominator, population sample size given",NA,26,12,1998,21,4,1999,NA,NA,NA,NA,NA,NA,NA,NA,NA,NA,NA,NA,NA,NA,NA,NA,NA,NA,Nipah virus,040_006,1,0,
40,1,FALSE,274,Ruth McCabe,Seroprevalence - IgM,No,58,NA,NA,NA,NA,Percentage (%),Central - unspecified,NA,Observed sample statistic,NA,NA,NA,NA,NA,NA,NA,NA,NA,NA,NA,NA,NA,NA,NA,NA,NA,NA,NA,NA,NA,NA,NA,NA,NA,NA,31,NA,Naive,Lab confirmed,Naive,NA,NA,NA,NA,No,NA,NA,Unspecified,NA,Hospital based,Persons under investigation,NA,NA,Malaysia,Seremban Hospital,Hospital,Unspecified,Unspecified,Unspecified,In CSF,NA,26,12,1998,21,4,1999,NA,NA,NA,NA,NA,NA,NA,NA,NA,NA,NA,NA,NA,NA,NA,NA,NA,NA,Nipah virus,040_007,1,0,
40,1,FALSE,274,Ruth McCabe,Severity - case fatality rate (CFR),NA,41,NA,8,86,NA,Percentage (%),Unspecified,NA,NA,NA,NA,NA,NA,NA,No,NA,NA,NA,NA,NA,NA,NA,NA,NA,NA,NA,NA,NA,NA,NA,NA,NA,NA,NA,NA,NA,NA,NA,NA,NA,NA,NA,NA,NA,Yes,NA,"Age,Symptoms,Other",Unspecified,NA,Hospital based,Persons under investigation,NA,NA,Malaysia,Seremban Hospital,Hospital,Unspecified,Unspecified,Unspecified,'Other' disaggregation - different conditions and treatments,NA,26,12,1998,21,4,1999,NA,NA,NA,NA,NA,NA,NA,NA,NA,NA,NA,NA,NA,NA,NA,NA,NA,NA,Nipah virus,040_008,1,0,
40,1,FALSE,274,Ruth McCabe,Human delay - symptom onset>death,No,10,NA,NA,NA,NA,Days,Unspecified,NA,Unspecified,Other,NA,NA,NA,NA,Yes,6.8,NA,NA,NA,NA,NA,NA,NA,NA,NA,NA,NA,NA,NA,NA,NA,NA,NA,NA,NA,NA,NA,NA,NA,NA,NA,NA,NA,NA,NA,NA,NA,Unspecified,NA,Hospital based,Persons under investigation,NA,NA,Malaysia,Seremban Hospital,Hospital,Unspecified,Unspecified,Unspecified,NA,NA,26,12,1998,21,4,1999,NA,NA,NA,NA,NA,NA,NA,NA,NA,NA,NA,NA,NA,NA,NA,NA,NA,NA,Nipah virus,040_009,1,0,Yes
40,1,FALSE,274,Ruth McCabe,Risk factors,No,NA,NA,NA,NA,NA,NA,NA,NA,NA,NA,NA,NA,NA,NA,NA,NA,NA,NA,NA,NA,NA,NA,NA,NA,NA,NA,NA,NA,NA,NA,NA,NA,NA,NA,NA,NA,NA,NA,NA,NA,"Age,Other",NA,Significant,Adjusted,NA,NA,NA,Both,103,Hospital based,Persons under investigation,NA,NA,Malaysia,Seremban Hospital,Hospital,Unspecified,Unspecified,Unspecified,'Other' for riskfactors - various symptoms and treatment such as ventilation,Death (in general population),26,12,1998,21,4,1999,NA,NA,NA,NA,NA,NA,NA,NA,NA,NA,NA,NA,NA,NA,NA,NA,NA,NA,Nipah virus,040_010,1,0,
44,1,FALSE,167,sangeeta bhatia,Attack rate,NA,2.1,NA,NA,NA,NA,Percentage (%),Central - unspecified,No,Observed sample statistic,NA,NA,NA,NA,NA,No,NA,NA,NA,NA,NA,NA,NA,NA,NA,NA,NA,NA,NA,NA,NA,NA,NA,NA,NA,NA,NA,NA,NA,NA,NA,NA,NA,NA,NA,No,No,NA,Both,NA,Population based,Persons under investigation,NA,NA,Bangladesh,Meherpur,district,Post outbreak,Rural area,Not available,attack rate NOT SAR,NA,20,4,2001,20,5,2001,NA,NA,NA,NA,NA,NA,NA,NA,NA,NA,NA,NA,NA,NA,NA,NA,NA,NA,Nipah virus,044_001,1,0,
44,1,FALSE,167,sangeeta bhatia,Severity - case fatality rate (CFR),NA,69,NA,NA,NA,NA,Percentage (%),Central - unspecified,No,Observed sample statistic,NA,NA,NA,NA,NA,No,NA,NA,NA,NA,NA,NA,NA,NA,NA,NA,NA,NA,NA,NA,NA,NA,NA,NA,NA,NA,9,13,Adjusted,Other,NA,NA,NA,NA,NA,No,No,NA,Both,13,Population based,Persons under investigation,4,60,Bangladesh,Meherpur,district,Post outbreak,Rural area,Not available,NA,NA,20,4,2001,20,5,2001,NA,NA,NA,NA,NA,NA,NA,NA,NA,NA,NA,NA,NA,NA,NA,NA,NA,NA,Nipah virus,044_002,1,0,
44,1,FALSE,167,sangeeta bhatia,Seroprevalence - IgG,NA,NA,NA,NA,NA,NA,NA,NA,NA,NA,NA,NA,NA,NA,NA,NA,NA,NA,NA,NA,NA,NA,NA,NA,NA,NA,NA,NA,NA,NA,NA,NA,NA,NA,NA,NA,4,13,NA,NA,NA,NA,NA,NA,NA,NA,NA,NA,Both,NA,Hospital based,Persons under investigation,NA,NA,Bangladesh,Meherpur,district,NA,NA,NA,NA,NA,20,4,2001,20,5,2001,NA,NA,NA,NA,NA,NA,NA,NA,NA,NA,NA,NA,NA,NA,NA,NA,NA,NA,Nipah virus,044_004,1,0,
44,1,FALSE,167,sangeeta bhatia,Seroprevalence - IgM,NA,NA,NA,NA,NA,NA,NA,NA,NA,Observed sample statistic,NA,NA,NA,NA,NA,NA,NA,NA,NA,NA,NA,NA,NA,NA,NA,NA,NA,NA,NA,NA,NA,NA,NA,NA,NA,NA,0,13,Naive,Clinically diagnosed/symptomatic,NA,NA,NA,NA,NA,NA,NA,NA,Both,NA,Hospital based,Persons under investigation,NA,NA,Bangladesh,Meherpur,district,NA,NA,NA,NA,NA,20,4,2001,20,5,2001,NA,NA,NA,NA,NA,NA,NA,NA,NA,NA,NA,NA,NA,NA,NA,NA,NA,NA,Nipah virus,044_005,1,0,
44,1,FALSE,167,sangeeta bhatia,Attack rate,NA,1.1,NA,NA,NA,NA,Percentage (%),Central - unspecified,No,Observed sample statistic,NA,NA,NA,NA,NA,NA,NA,NA,NA,NA,NA,NA,NA,NA,NA,NA,NA,NA,NA,NA,NA,NA,NA,NA,NA,NA,NA,NA,NA,NA,NA,NA,NA,NA,NA,No,No,NA,Both,NA,Population based,General population,NA,NA,Bangladesh,naogaon,district,Post outbreak,Rural area,Not available,NA,NA,11,1,2003,28,1,2003,NA,NA,NA,NA,NA,NA,NA,NA,NA,NA,NA,NA,NA,NA,NA,NA,NA,NA,Nipah virus,044_006,1,0,
44,1,FALSE,167,sangeeta bhatia,Severity - case fatality rate (CFR),NA,67,NA,NA,NA,NA,Percentage (%),Central - unspecified,No,Observed sample statistic,NA,NA,NA,NA,NA,NA,NA,NA,NA,NA,NA,NA,NA,NA,NA,NA,NA,NA,NA,NA,NA,NA,NA,NA,NA,NA,8,12,Adjusted,Clinically diagnosed/symptomatic,NA,NA,NA,NA,NA,No,NA,NA,Both,12,Population based,Persons under investigation,4,42,Bangladesh,naogaon,district,Post outbreak,Rural area,Not available,NA,NA,11,1,2003,28,1,2003,NA,NA,NA,NA,NA,NA,NA,NA,NA,NA,NA,NA,NA,NA,NA,NA,NA,NA,Nipah virus,044_007,1,0,
44,1,FALSE,167,sangeeta bhatia,Human delay - symptom onset>death,NA,4,NA,NA,NA,NA,Days,Mean,No,Observed sample statistic,NA,NA,NA,NA,NA,Yes,NA,NA,NA,NA,NA,Days,NA,Observed sample statistic,NA,Range,2,7,NA,NA,NA,NA,NA,NA,NA,NA,NA,NA,NA,NA,NA,NA,NA,NA,NA,No,NA,NA,Both,8,Population based,Persons under investigation,NA,NA,Bangladesh,naogaon,district,Post outbreak,Rural area,Not available,NA,NA,11,1,2003,28,1,2003,NA,NA,NA,NA,NA,NA,NA,NA,NA,NA,NA,NA,NA,NA,NA,NA,NA,NA,Nipah virus,044_008,1,0,range
44,1,FALSE,167,sangeeta bhatia,Risk factors,No,NA,NA,NA,NA,NA,NA,NA,No,NA,NA,NA,NA,NA,NA,No,NA,NA,NA,NA,NA,NA,NA,NA,NA,NA,NA,NA,NA,NA,NA,NA,NA,NA,NA,NA,NA,NA,NA,NA,NA,"Contact with animal,Occupation,Sex",NA,Not significant,Not adjusted,NA,NA,NA,Both,96,Population based,General population,NA,NA,Bangladesh,Meherpur,district,Post outbreak,Rural area,Not available,NA,Infection,20,4,2001,20,5,2001,NA,NA,NA,NA,NA,NA,NA,NA,NA,NA,NA,NA,NA,NA,NA,NA,NA,NA,Nipah virus,044_009,1,0,animals
44,1,FALSE,167,sangeeta bhatia,Risk factors,NA,NA,NA,NA,NA,NA,NA,NA,NA,NA,NA,NA,NA,NA,NA,NA,NA,NA,NA,NA,NA,NA,NA,NA,NA,NA,NA,NA,NA,NA,NA,NA,NA,NA,NA,NA,NA,NA,NA,NA,NA,"Age,Close contact,Contact with animal",NA,Significant,Not adjusted,NA,NA,NA,Both,96,Population based,General population,NA,NA,Bangladesh,Meherpur,district,Post outbreak,Rural area,Not available,caring for or living with a person with a case,Infection,20,4,2001,20,5,2001,NA,NA,NA,NA,NA,NA,NA,NA,NA,NA,NA,NA,NA,NA,NA,NA,NA,NA,Nipah virus,044_010,1,0,animals
45,1,FALSE,896,Rhys Earl,Seroprevalence - IgM,No,3,NA,NA,NA,No,Percentage (%),Central - unspecified,No,Observed sample statistic,NA,NA,NA,NA,NA,No,NA,NA,NA,NA,NA,NA,NA,NA,NA,NA,NA,NA,NA,NA,NA,NA,NA,NA,NA,NA,9,312,Naive,Clinically diagnosed/symptomatic,Naive,NA,NA,NA,NA,No,NA,NA,Both,312,Hospital based,Persons with symptoms,NA,NA,Bangladesh,"Faridpur, Rajshahi, Rangpur",NA,Unspecified,Unspecified,Not available,315 from figure Sample size.,NA,NA,12,2013,NA,4,2014,NA,NA,NA,NA,NA,NA,NA,NA,NA,NA,NA,NA,NA,NA,NA,NA,NA,NA,Nipah virus,045_001,1,0,
46,1,FALSE,207,Rhys Earl,Human delay - other human delay (go to section),NA,6.9,NA,NA,NA,No,Days,NA,NA,NA,NA,NA,NA,NA,NA,Yes,NA,NA,3,31,No,Days,No,NA,NA,NA,NA,NA,NA,NA,NA,NA,Symptom Onset/Fever,NA,Other,Nadir,NA,NA,NA,NA,NA,NA,NA,NA,NA,No,No,NA,Unspecified,NA,Hospital based,Persons under investigation,13,68,Malaysia,NA,NA,NA,NA,NA,NA,NA,NA,2,1999,NA,6,1999,NA,NA,NA,NA,NA,NA,NA,NA,NA,NA,NA,NA,NA,NA,NA,NA,NA,NA,Nipah virus,046_001,1,0,
46,1,FALSE,207,Rhys Earl,Human delay - symptom onset>admission to care,No,3.5,NA,NA,NA,NA,Days,Mean,NA,Observed sample statistic,NA,NA,NA,NA,NA,Yes,NA,NA,1,14,No,Days,No,Observed sample statistic,NA,NA,NA,NA,NA,NA,NA,NA,NA,NA,NA,NA,NA,NA,NA,NA,NA,NA,NA,NA,NA,No,No,NA,Unspecified,94,Hospital based,Persons under investigation,13,68,Malaysia,Negri Sembilan State,NA,NA,NA,NA,NA,NA,NA,2,1999,NA,6,1999,NA,NA,NA,NA,NA,NA,NA,NA,NA,NA,NA,NA,NA,NA,NA,NA,NA,NA,Nipah virus,046_002,1,0,
46,1,FALSE,207,Rhys Earl,Risk factors,NA,NA,NA,NA,NA,NA,NA,NA,NA,NA,NA,NA,NA,NA,NA,NA,NA,NA,NA,NA,NA,NA,NA,NA,NA,NA,NA,NA,NA,NA,NA,NA,NA,NA,NA,NA,NA,NA,NA,NA,NA,"Age,Other",NA,Significant,Not adjusted,No,No,NA,Unspecified,NA,Hospital based,Persons under investigation,13,68,Malaysia,NA,NA,NA,NA,NA,"Other - Clinical Features : Vomiting, mean lowest glasgow coma scores, segmental myoclonus, abnormal dolls eye reflex, abnormal pulils, hypertension, tachycardia, absent or reduced reflexes, seizures, mean aspartate, mean alanine, mean platelet count",Death (in general population),NA,2,1999,NA,6,1999,NA,NA,NA,NA,NA,NA,NA,NA,NA,NA,NA,NA,NA,NA,NA,NA,NA,NA,Nipah virus,046_003,1,0,
47,1,FALSE,167,Joseph Hicks,Human delay - symptom onset>death,No,6,NA,NA,NA,No,Days,Mean,No,Observed sample statistic,NA,NA,Range,NA,NA,Yes,NA,NA,3,10,No,Days,No,Observed sample statistic,NA,NA,NA,NA,NA,NA,NA,NA,NA,NA,NA,NA,NA,NA,NA,NA,NA,NA,NA,NA,NA,No,No,NA,Both,9,Population based,Persons under investigation,NA,NA,Bangladesh,Meherpur,district,Post outbreak,Rural area,Not available,NA,NA,20,4,2001,20,5,2001,NA,NA,NA,NA,NA,NA,NA,NA,NA,NA,NA,NA,NA,NA,NA,NA,NA,NA,Nipah virus,047_003,1,0,
48,1,FALSE,280,Rhys Earl,Risk factors,NA,NA,NA,NA,NA,NA,NA,NA,NA,NA,NA,NA,NA,NA,NA,NA,NA,NA,NA,NA,NA,NA,NA,NA,NA,NA,NA,NA,NA,NA,NA,NA,NA,NA,NA,NA,NA,NA,NA,NA,NA,"Age,Contact with animal,Sex,Other",NA,Not significant,Not adjusted,No,No,NA,Both,NA,Trade / business based,Mixed groups,NA,NA,Singapore,NA,NA,Post outbreak,Unspecified,Unspecified,"Other Risk factors - Chinese ethnicity, singapore citizen, chronic illness, vaccinated for japanese encephalitis, worked in auction house, worked in slaughterhouse, smoked while working, ate while working,  Contact with: (pig bodily fluid or substance, pig blood, feaces, urine,)mucous mebrane exposure",Serology,22,2,1999,22,4,1999,NA,NA,NA,NA,NA,NA,NA,NA,NA,NA,NA,NA,NA,NA,NA,NA,NA,NA,Nipah virus,048_005,1,0,
48,1,FALSE,280,Rhys Earl,Risk factors,NA,NA,NA,NA,NA,NA,NA,NA,NA,NA,NA,NA,NA,NA,NA,NA,NA,NA,NA,NA,NA,NA,NA,NA,NA,NA,NA,NA,NA,NA,NA,NA,NA,NA,NA,NA,NA,NA,NA,NA,NA,"Contact with animal,Other",NA,Significant,Not adjusted,No,No,NA,Both,NA,Trade / business based,Mixed groups,NA,NA,Singapore,NA,NA,Post outbreak,Unspecified,Unspecified,"sig risk factors - Job involved: (Chasing pigs, exposure to live pigs), Fecal contact in the auction house , urine contact in the auction house.",Serology,22,2,1999,22,4,1999,NA,NA,NA,NA,NA,NA,NA,NA,NA,NA,NA,NA,NA,NA,NA,NA,NA,NA,Nipah virus,048_006,1,0,
49,1,FALSE,280,Ruth McCabe,Seroprevalence - IgM,NA,NA,NA,NA,NA,NA,NA,NA,NA,NA,NA,NA,NA,NA,NA,NA,NA,NA,NA,NA,NA,NA,NA,NA,NA,NA,NA,NA,NA,NA,NA,NA,NA,NA,NA,NA,13,54,Naive,Lab confirmed,NA,NA,NA,NA,NA,No,No,NA,Both,54,Trade / business based,Mixed groups,NA,NA,Singapore,NA,NA,Post outbreak,Unspecified,Unspecified,Mixed groups' - persons with symptoms and animal workers. Could also go back to estimate among non-suspected cases,NA,22,2,1999,22,4,1999,NA,NA,NA,NA,NA,NA,NA,NA,NA,NA,NA,NA,NA,NA,NA,NA,NA,NA,Nipah virus,049_001,1,0,
49,1,FALSE,280,Ruth McCabe,Seroprevalence - IgG,NA,NA,NA,NA,NA,NA,NA,NA,NA,NA,NA,NA,NA,NA,NA,NA,NA,NA,NA,NA,NA,NA,NA,NA,NA,NA,NA,NA,NA,NA,NA,NA,NA,NA,NA,NA,13,54,Naive,Lab confirmed,NA,NA,NA,NA,NA,No,No,NA,Both,54,Trade / business based,Mixed groups,NA,NA,Singapore,NA,NA,Post outbreak,Unspecified,Unspecified,Mixed groups' - persons with symptoms and animal workers. Could also go back to estimate among non-suspected cases,NA,22,2,1999,22,4,1999,NA,NA,NA,NA,NA,NA,NA,NA,NA,NA,NA,NA,NA,NA,NA,NA,NA,NA,Nipah virus,049_002,1,0,
50,1,FALSE,36,Tristan Naidoo,Seroprevalence - IgM,No,NA,NA,NA,NA,NA,NA,Unspecified,NA,NA,NA,NA,NA,NA,NA,NA,NA,NA,NA,NA,NA,NA,NA,NA,NA,NA,NA,NA,NA,NA,NA,NA,NA,NA,NA,NA,11,35,Naive,Clinically diagnosed/symptomatic,Naive,NA,NA,NA,NA,Yes,NA,Age,Male,35,Trade / business based,Abattoir workers,24,66,Singapore,NA,NA,Mid outbreak,Unspecified,Unspecified,"Age range seems to be for positive IgM cases only; Cases worked in the same abattoir which had imported an infected pig from Malaysia. All cases are suspected as they went through a screen procedure, so also Person's Under investigation.",NA,16,3,1999,NA,NA,NA,NA,NA,NA,NA,NA,NA,NA,NA,NA,NA,NA,NA,NA,NA,NA,NA,NA,NA,Nipah virus,050_001,1,0,
50,1,FALSE,36,Tristan Naidoo,Seroprevalence - IgG,No,NA,NA,NA,NA,NA,NA,NA,No,NA,NA,NA,NA,NA,NA,NA,NA,NA,NA,NA,NA,NA,NA,NA,NA,NA,NA,NA,NA,NA,NA,NA,NA,NA,NA,NA,1,35,Naive,Clinically diagnosed/symptomatic,Naive,NA,NA,NA,NA,Yes,NA,Age,Male,35,Trade / business based,Abattoir workers,24,66,Singapore,NA,NA,Mid outbreak,Unspecified,Unspecified,NA,NA,16,3,1999,NA,NA,NA,NA,NA,NA,NA,NA,NA,NA,NA,NA,NA,NA,NA,NA,NA,NA,NA,NA,NA,Nipah virus,050_002,1,0,
50,1,FALSE,36,Tristan Naidoo,Severity - case fatality rate (CFR),NA,NA,NA,NA,NA,NA,Unspecified,Unspecified,NA,NA,NA,NA,NA,NA,NA,NA,NA,NA,NA,NA,NA,NA,NA,NA,NA,NA,NA,NA,NA,NA,NA,NA,NA,NA,NA,NA,1,11,Naive,Clinically diagnosed/symptomatic,Naive,NA,NA,NA,NA,No,No,NA,Male,11,Trade / business based,Abattoir workers,24,66,Singapore,NA,NA,Mid outbreak,Unspecified,Unspecified,NA,NA,16,3,1999,NA,NA,NA,NA,NA,NA,NA,NA,NA,NA,NA,NA,NA,NA,NA,NA,NA,NA,NA,NA,NA,Nipah virus,050_003,1,0,
52,1,FALSE,270,Joseph Hicks,Severity - case fatality rate (CFR),No,NA,NA,NA,NA,No,NA,NA,NA,Observed sample statistic,NA,NA,NA,NA,NA,NA,NA,NA,NA,NA,NA,NA,NA,NA,NA,NA,NA,NA,NA,NA,NA,NA,NA,NA,NA,NA,105,265,Naive,Clinically diagnosed/symptomatic,NA,NA,NA,NA,NA,No,No,NA,Unspecified,265,Population based,Persons under investigation,NA,NA,Malaysia,NA,NA,Mid outbreak,Unspecified,Not available,NA,NA,NA,9,1998,NA,6,1999,NA,NA,NA,NA,NA,NA,NA,NA,NA,NA,NA,NA,NA,NA,NA,NA,NA,NA,Nipah virus,052_001,1,0,
52,1,FALSE,270,Joseph Hicks,Severity - case fatality rate (CFR),No,NA,NA,NA,NA,No,NA,NA,No,Observed sample statistic,NA,NA,NA,NA,NA,No,NA,NA,NA,NA,NA,NA,NA,NA,NA,NA,NA,NA,NA,NA,NA,NA,NA,NA,NA,NA,1,11,Naive,Clinically diagnosed/symptomatic,NA,NA,NA,NA,NA,No,No,NA,Unspecified,11,Population based,Persons under investigation,NA,NA,Singapore,NA,NA,Mid outbreak,Unspecified,Not available,NA,NA,NA,3,1999,NA,3,1999,NA,NA,NA,NA,NA,NA,NA,NA,NA,NA,NA,NA,NA,NA,NA,NA,NA,NA,Nipah virus,052_002,1,0,
54,1,FALSE,275,Joseph Hicks,Severity - case fatality rate (CFR),No,38,NA,26,54,No,Percentage (%),Other,No,Observed sample statistic,NA,NA,NA,NA,NA,No,NA,NA,NA,NA,NA,NA,NA,NA,NA,NA,NA,NA,NA,NA,NA,NA,NA,NA,NA,NA,74,194,Adjusted,Clinically diagnosed/symptomatic,NA,NA,NA,NA,NA,Yes,No,Other,Both,194,Hospital based,Persons under investigation,NA,NA,Malaysia,NA,NA,Mid outbreak,Unspecified,Not available,Disaggregated by ribavirin treatment and case definition and hospital,NA,NA,9,1998,NA,6,1999,NA,NA,NA,NA,NA,NA,NA,NA,NA,NA,NA,NA,NA,NA,NA,NA,NA,NA,Nipah virus,054_001,1,0,
54,1,FALSE,275,Joseph Hicks,Human delay - symptom onset>death,No,9,NA,NA,NA,No,Days,Median,No,Observed sample statistic,NA,NA,NA,NA,NA,Yes,NA,NA,2,NA,No,Days,No,Observed sample statistic,NA,NA,NA,NA,NA,NA,NA,NA,NA,NA,NA,NA,NA,NA,NA,NA,NA,NA,NA,NA,NA,No,No,NA,Both,74,Hospital based,Persons under investigation,NA,NA,Malaysia,NA,NA,Mid outbreak,Unspecified,Not available,There is an apparent typo in the upper range of symptom onset to death. Text says upper range is '3/2'. Assuming it means 32?,NA,NA,9,1998,NA,6,1999,NA,NA,NA,NA,NA,NA,NA,NA,NA,NA,NA,NA,NA,NA,NA,NA,NA,NA,Nipah virus,054_002,1,0,
54,1,FALSE,275,Joseph Hicks,Risk factors,No,NA,NA,NA,NA,No,NA,NA,No,NA,NA,NA,NA,NA,NA,No,NA,NA,NA,NA,NA,NA,NA,NA,NA,NA,NA,NA,NA,NA,NA,NA,NA,NA,NA,NA,NA,NA,NA,NA,NA,"Age,Other",NA,Significant,Not adjusted,No,No,NA,Both,194,Hospital based,Persons under investigation,NA,NA,Malaysia,NA,NA,Mid outbreak,Unspecified,Not available,NA,Death (in general population),NA,9,1998,NA,6,1999,NA,NA,NA,NA,NA,NA,NA,NA,NA,NA,NA,NA,NA,NA,NA,NA,NA,NA,Nipah virus,054_003,1,0,
54,1,FALSE,275,Joseph Hicks,Risk factors,No,NA,NA,NA,NA,No,NA,NA,No,NA,NA,NA,NA,NA,NA,No,NA,NA,NA,NA,NA,NA,NA,NA,NA,NA,NA,NA,NA,NA,NA,NA,NA,NA,NA,NA,NA,NA,NA,NA,NA,Other,NA,Not significant,Adjusted,No,No,NA,Both,194,Hospital based,Persons under investigation,NA,NA,Malaysia,NA,NA,Mid outbreak,Unspecified,Not available,Outcome = ventilation; 'other' risk factor = treatment with ribavirin,Other,NA,9,1998,NA,6,1999,NA,NA,NA,NA,NA,NA,NA,NA,NA,NA,NA,NA,NA,NA,NA,NA,NA,NA,Nipah virus,054_004,1,0,
54,1,FALSE,275,Joseph Hicks,Risk factors,No,NA,NA,NA,NA,No,NA,NA,No,NA,NA,NA,NA,NA,NA,No,NA,NA,NA,NA,NA,NA,NA,NA,NA,NA,NA,NA,NA,NA,NA,NA,NA,NA,NA,NA,NA,NA,NA,NA,NA,Other,NA,Not significant,Adjusted,No,No,NA,Both,194,Hospital based,Persons under investigation,NA,NA,Malaysia,NA,NA,Mid outbreak,Unspecified,Not available,Outcome = 'residual neurological deficits at the end of follow-up'; other risk factor = treatment with ribavirin,Other neurological symptoms in general population,NA,9,1998,NA,6,1999,NA,NA,NA,NA,NA,NA,NA,NA,NA,NA,NA,NA,NA,NA,NA,NA,NA,NA,Nipah virus,054_005,1,0,
54,1,FALSE,275,Joseph Hicks,Human delay - time in care (length of stay),No,NA,NA,7.3,24.7,No,Days,Central - unspecified,No,Observed sample statistic,NA,NA,NA,NA,NA,No,NA,NA,NA,NA,NA,NA,NA,NA,NA,NA,NA,NA,NA,NA,NA,NA,NA,NA,NA,NA,NA,NA,NA,NA,NA,NA,NA,NA,NA,Yes,Yes,Other,Both,194,Hospital based,Persons under investigation,NA,NA,Malaysia,NA,NA,Mid outbreak,Unspecified,Not available,Disaggregated by ribavirin treatment and case definition,NA,NA,9,1998,NA,6,1999,NA,NA,NA,NA,NA,NA,NA,NA,NA,NA,NA,NA,NA,NA,NA,NA,NA,NA,Nipah virus,054_006,1,0,
54,1,FALSE,275,Joseph Hicks,Human delay - other human delay (go to section),No,NA,NA,3.8,10.1,No,Days,Central - unspecified,No,Observed sample statistic,NA,NA,NA,NA,NA,No,NA,NA,NA,NA,NA,NA,NA,NA,NA,NA,NA,NA,NA,NA,NA,NA,Other,Onset of ventilation,Other,End of ventilation,NA,NA,NA,NA,NA,NA,NA,NA,NA,Yes,Yes,Other,Both,194,Hospital based,Persons under investigation,NA,NA,Malaysia,NA,NA,Mid outbreak,Unspecified,Not available,Disaggregated by ribavirin treatment and case definition,NA,NA,9,1998,NA,6,1999,NA,NA,NA,NA,NA,NA,NA,NA,NA,NA,NA,NA,NA,NA,NA,NA,NA,NA,Nipah virus,054_007,1,0,
55,1,FALSE,65,Tristan Naidoo,Seroprevalence - IgM,NA,NA,NA,NA,NA,NA,NA,NA,NA,Observed sample statistic,NA,NA,NA,NA,NA,NA,NA,NA,NA,NA,NA,NA,NA,NA,NA,NA,NA,NA,NA,NA,NA,NA,NA,NA,NA,NA,0,363,NA,NA,NA,NA,NA,NA,NA,No,No,NA,Unspecified,363,Hospital based,Persons under investigation,NA,NA,Malaysia,NA,NA,Mid outbreak,Unspecified,Unspecified,Healthcare workers that were exposed to exposed to outbreak-associated cases of encephalitis,NA,2,3,1999,NA,NA,1999,NA,NA,NA,NA,NA,NA,NA,NA,NA,NA,NA,NA,NA,NA,NA,NA,NA,NA,Nipah virus,055_001,1,0,
55,1,FALSE,65,Tristan Naidoo,Seroprevalence - IgG,NA,NA,NA,NA,NA,NA,NA,NA,NA,NA,NA,NA,NA,NA,NA,NA,NA,NA,NA,NA,NA,NA,NA,NA,NA,NA,NA,NA,NA,NA,NA,NA,NA,NA,NA,NA,0,363,NA,NA,NA,NA,NA,NA,NA,NA,NA,NA,Unspecified,363,Hospital based,Persons under investigation,NA,NA,Malaysia,NA,NA,Mid outbreak,Unspecified,Unspecified,Healthcare workers that were exposed to exposed to outbreak-associated cases of encephalitis,NA,2,3,1999,NA,NA,1999,NA,NA,NA,NA,NA,NA,NA,NA,NA,NA,NA,NA,NA,NA,NA,NA,NA,NA,Nipah virus,055_002,1,0,
55,1,FALSE,65,Tristan Naidoo,Seroprevalence - IgM,NA,NA,NA,NA,NA,NA,NA,NA,NA,Observed sample statistic,NA,NA,NA,NA,NA,NA,NA,NA,NA,NA,NA,NA,NA,NA,NA,NA,NA,NA,NA,NA,NA,NA,NA,NA,NA,NA,0,288,NA,NA,NA,NA,NA,NA,NA,NA,NA,NA,Unspecified,288,Hospital based,Healthcare workers,NA,NA,Malaysia,NA,NA,Mid outbreak,Unspecified,Unspecified,Part of an unexposed cohort from a hospital,NA,2,3,1999,NA,NA,1999,NA,NA,NA,NA,NA,NA,NA,NA,NA,NA,NA,NA,NA,NA,NA,NA,NA,NA,Nipah virus,055_003,1,0,
55,1,FALSE,65,Tristan Naidoo,Seroprevalence - IgG,NA,NA,NA,NA,NA,NA,NA,NA,NA,NA,NA,NA,NA,NA,NA,NA,NA,NA,NA,NA,NA,NA,NA,NA,NA,NA,NA,NA,NA,NA,NA,NA,NA,NA,NA,NA,0,288,NA,NA,NA,NA,NA,NA,NA,NA,NA,NA,Unspecified,288,Hospital based,Healthcare workers,NA,NA,Malaysia,NA,NA,Mid outbreak,Unspecified,Unspecified,Part of an unexposed cohort from a hospital,NA,2,3,1999,NA,NA,1999,NA,NA,NA,NA,NA,NA,NA,NA,NA,NA,NA,NA,NA,NA,NA,NA,NA,NA,Nipah virus,055_004,1,0,
55,1,FALSE,65,Tristan Naidoo,Seroprevalence - IgM,NA,NA,NA,NA,NA,NA,NA,NA,NA,Observed sample statistic,NA,NA,NA,NA,NA,NA,NA,NA,NA,NA,NA,NA,NA,NA,NA,NA,NA,NA,NA,NA,NA,NA,NA,NA,NA,NA,0,293,NA,NA,NA,NA,NA,NA,NA,No,No,NA,Unspecified,293,Hospital based,Persons under investigation,NA,NA,Malaysia,NA,NA,Mid outbreak,Unspecified,Unspecified,"A second sample taken 3-4 weeks after the first, for healthcare workers that were exposed to exposed to outbreak-associated cases of encephalitis",NA,NA,NA,1999,NA,NA,1999,NA,NA,NA,NA,NA,NA,NA,NA,NA,NA,NA,NA,NA,NA,NA,NA,NA,NA,Nipah virus,055_005,1,0,
55,1,FALSE,65,Tristan Naidoo,Seroprevalence - IgG,NA,NA,NA,NA,NA,NA,Percentage (%),Unspecified,NA,NA,NA,NA,NA,NA,NA,NA,NA,NA,NA,NA,NA,NA,NA,NA,NA,NA,NA,NA,NA,NA,NA,NA,NA,NA,NA,NA,3,293,NA,NA,NA,NA,NA,NA,NA,No,No,NA,Unspecified,293,Hospital based,Persons under investigation,NA,NA,Malaysia,NA,NA,Mid outbreak,Unspecified,Unspecified,"A second sample taken 3-4 weeks after the first, for healthcare workers that were exposed to exposed to outbreak-associated cases of encephalitis.",NA,NA,NA,1999,NA,NA,1999,NA,NA,NA,NA,NA,NA,NA,NA,NA,NA,NA,NA,NA,NA,NA,NA,NA,NA,Nipah virus,055_006,1,0,
55,1,FALSE,65,Tristan Naidoo,Seroprevalence - PRNT,NA,NA,NA,NA,NA,NA,NA,NA,NA,NA,NA,NA,NA,NA,NA,NA,NA,NA,NA,NA,NA,NA,NA,NA,NA,NA,NA,NA,NA,NA,NA,NA,NA,NA,NA,NA,0,3,NA,NA,NA,NA,NA,NA,NA,No,No,NA,Unspecified,3,Hospital based,Persons under investigation,NA,NA,Malaysia,NA,NA,Mid outbreak,Unspecified,Unspecified,PRNT test of the 3 positive IgG samples.,NA,NA,NA,1999,NA,NA,1999,NA,NA,NA,NA,NA,NA,NA,NA,NA,NA,NA,NA,NA,NA,NA,NA,NA,NA,Nipah virus,055_007,1,0,
56,1,FALSE,184,sangeeta,Human delay - incubation period,NA,10,NA,NA,NA,NA,Days,Central - unspecified,NA,Observed sample statistic,NA,NA,NA,NA,NA,Yes,NA,NA,5,20,NA,Days,No,Observed sample statistic,NA,NA,NA,NA,NA,NA,NA,NA,NA,NA,NA,NA,NA,NA,NA,NA,NA,NA,NA,NA,NA,NA,NA,NA,Both,43,Population based,Persons under investigation,NA,NA,India,"Siliguri, West Bengal",town,Unspecified,Unspecified,Unspecified,nipah/hendra rather than nipah,NA,31,1,2001,23,2,2001,NA,NA,NA,NA,NA,NA,NA,NA,NA,NA,NA,NA,NA,NA,NA,NA,NA,NA,Nipah virus,056_002,1,0,
58,1,FALSE,207,sangeeta,Human delay - symptom onset>death,No,10.3,NA,NA,NA,No,Days,Mean,No,Observed sample statistic,NA,NA,NA,NA,NA,Yes,NA,NA,5,29,No,Days,NA,Observed sample statistic,NA,NA,NA,NA,NA,NA,NA,NA,NA,NA,NA,NA,NA,NA,NA,NA,NA,NA,NA,NA,NA,NA,NA,NA,NA,94,Hospital based,Persons under investigation,13,68,Malaysia,Negri Sembilan State,NA,NA,NA,NA,NA,NA,NA,2,1999,NA,6,1999,NA,NA,NA,NA,NA,NA,NA,NA,NA,NA,NA,NA,NA,NA,NA,NA,NA,NA,Nipah virus,058_002,1,0,
62,1,FALSE,266,Anna-Maria Hartner,Seroprevalence - IgM,NA,NA,NA,NA,NA,NA,NA,NA,NA,NA,NA,NA,NA,NA,NA,NA,NA,NA,NA,NA,NA,NA,NA,NA,NA,NA,NA,NA,NA,NA,NA,NA,NA,NA,NA,NA,17,20,NA,NA,NA,NA,NA,NA,NA,Yes,NA,"Age,Sex,Other",Both,20,Hospital based,Mixed groups,14,57,Malaysia,"University Hospital, Kuala Lumpur, suspected to be infected with the virus from pig farms situated in Bukit Pelandok, Negeri Sembilan, Malaysia",NA,Unspecified,Unspecified,Unspecified,From infected patients,NA,NA,NA,NA,NA,NA,NA,NA,NA,NA,NA,NA,NA,NA,NA,NA,NA,NA,NA,NA,NA,NA,NA,NA,NA,Nipah virus,062_001,1,0,
63,1,FALSE,708,Anna-Maria Hartner,Seroprevalence - Unspecified,No,NA,NA,NA,NA,NA,NA,NA,NA,NA,NA,NA,NA,NA,NA,NA,NA,NA,NA,NA,NA,NA,NA,NA,NA,NA,NA,NA,NA,NA,NA,NA,NA,NA,NA,NA,0,13,NA,NA,NA,NA,NA,NA,NA,NA,NA,NA,NA,13,Community based,General population,NA,NA,Bangladesh,Goalando,Township,Post outbreak,NA,NA,NA,NA,18,2,2004,22,2,2004,NA,NA,NA,NA,NA,NA,NA,NA,NA,NA,NA,NA,NA,NA,NA,NA,NA,NA,Nipah virus,063_001,1,0,
63,1,FALSE,708,Anna-Maria Hartner,Risk factors,NA,NA,NA,NA,NA,NA,NA,NA,NA,NA,NA,NA,NA,NA,NA,NA,NA,NA,NA,NA,NA,NA,NA,NA,NA,NA,NA,NA,NA,NA,NA,NA,NA,NA,NA,NA,NA,NA,NA,NA,NA,"Contact with animal,Other",NA,Not significant,Not adjusted,NA,NA,NA,Both,48,Community based,General population,1,30,Bangladesh,Goalando,Township,Post outbreak,Unspecified,Not available,NA,Infection,18,2,2004,22,2,2004,NA,NA,NA,NA,NA,NA,NA,NA,NA,NA,NA,NA,NA,NA,NA,NA,NA,NA,Nipah virus,063_002,1,0,
63,1,FALSE,708,Anna-Maria Hartner,Risk factors,NA,NA,NA,NA,NA,NA,NA,NA,NA,NA,NA,NA,NA,NA,NA,NA,NA,NA,NA,NA,NA,NA,NA,NA,NA,NA,NA,NA,NA,NA,NA,NA,NA,NA,NA,NA,NA,NA,NA,NA,NA,"Close contact,Other",NA,Significant,Not adjusted,NA,NA,NA,Both,48,Community based,General population,1,30,Bangladesh,Goalando,Township,Post outbreak,Unspecified,Not available,NA,Infection,18,2,2004,22,2,2004,NA,NA,NA,NA,NA,NA,NA,NA,NA,NA,NA,NA,NA,NA,NA,NA,NA,NA,Nipah virus,063_003,1,0,
64,1,FALSE,409,Rob Johnson,Seroprevalence - Unspecified,No,75.4,NA,NA,NA,No,Percentage (%),Central - unspecified,No,Observed sample statistic,NA,NA,NA,NA,NA,NA,NA,NA,NA,NA,NA,NA,NA,NA,NA,NA,NA,NA,NA,NA,NA,NA,NA,NA,NA,NA,52,69,NA,NA,Naive,NA,NA,NA,NA,No,No,NA,Both,69,Hospital based,Persons with symptoms,NA,NA,Malaysia,"Port Dickson, Negeri Sembilan","district, state",Mid outbreak,Unspecified,Unspecified,"The denominator includes people whose serology results were unavailable, but this is how it was reported",NA,1,3,1999,15,5,1999,NA,NA,NA,NA,NA,NA,NA,NA,NA,NA,NA,NA,NA,NA,NA,NA,NA,NA,Nipah virus,064_001,1,0,pigs
64,1,FALSE,409,Rob Johnson,Risk factors,No,NA,NA,NA,NA,NA,NA,NA,No,NA,NA,NA,NA,NA,NA,NA,NA,NA,NA,NA,NA,NA,NA,NA,NA,NA,NA,NA,NA,NA,NA,NA,NA,NA,NA,NA,NA,NA,NA,NA,NA,"Contact with animal,Occupation","Livestock and animal herders, Veterinary",Not significant,Not adjusted,NA,NA,NA,Both,NA,Hospital based,Persons with symptoms,NA,NA,Malaysia,"Port Dickson, Negeri Sembilan","district, state",Mid outbreak,Unspecified,Unspecified,NA,Infection,1,3,1999,15,5,1999,NA,NA,NA,NA,NA,NA,NA,NA,NA,NA,NA,NA,NA,NA,NA,NA,NA,NA,Nipah virus,064_002,1,0,pigs
64,1,FALSE,409,Rob Johnson,Risk factors,No,NA,NA,NA,NA,NA,NA,NA,No,NA,NA,NA,NA,NA,NA,NA,NA,NA,NA,NA,NA,NA,NA,NA,NA,NA,NA,NA,NA,NA,NA,NA,NA,NA,NA,NA,NA,NA,NA,NA,NA,"Contact with animal,Occupation",Livestock and animal herders,Significant,Not adjusted,NA,NA,NA,Both,NA,Hospital based,Persons with symptoms,NA,NA,Malaysia,"Port Dickson, Negeri Sembilan","district, state",Mid outbreak,Unspecified,Unspecified,NA,Infection,1,3,1999,15,5,1999,NA,NA,NA,NA,NA,NA,NA,NA,NA,NA,NA,NA,NA,NA,NA,NA,NA,NA,Nipah virus,064_003,1,0,pigs
63,1,FALSE,708,Anna-Maria Hartner,Seroprevalence - Unspecified,No,NA,NA,NA,NA,NA,NA,NA,NA,NA,NA,NA,NA,NA,NA,NA,NA,NA,NA,NA,NA,NA,NA,NA,NA,NA,NA,NA,NA,NA,NA,NA,NA,NA,NA,NA,4,4,NA,NA,NA,NA,NA,NA,NA,NA,NA,NA,NA,4,Community based,Persons with symptoms,NA,NA,Bangladesh,Goalando,Township,Post outbreak,NA,NA,NA,NA,18,2,2004,22,2,2004,NA,NA,NA,NA,NA,NA,NA,NA,NA,NA,NA,NA,NA,NA,NA,NA,NA,NA,Nipah virus,438954,1,0,
27,1,FALSE,271,Rob Johnson,Human delay - incubation period,No,NA,NA,NA,NA,NA,NA,NA,NA,NA,NA,NA,NA,NA,NA,Yes,14,NA,NA,NA,NA,Days,NA,Observed sample statistic,NA,NA,NA,NA,NA,NA,NA,NA,NA,NA,NA,NA,NA,NA,NA,NA,NA,NA,NA,NA,NA,No,NA,NA,Unspecified,NA,Population based,Persons under investigation,NA,NA,Malaysia,NA,NA,Post outbreak,Unspecified,Unspecified,90% quantile (paper states â€œmore than 90%â€),NA,29,9,1998,NA,12,1999,NA,NA,NA,NA,NA,NA,NA,NA,NA,NA,NA,NA,NA,NA,NA,NA,NA,Other,Nipah virus,314159,1,0,
